playerDefensiveAbilityId,birthId,roleId,organizationId,tackles,tacklesWon,cards_yellow,cards_red
496,424,33,0,5,3,0,0
495,424,33,0,19,15,0,0
1130,490,32,1,41,20,2,0
813,568,14,1,18,15,2,0
760,113,73,1,60,41,10,1
731,80,10,1,2,2,1,0
730,80,10,1,4,2,1,0
633,401,2,1,31,21,6,0
528,481,10,1,17,14,5,0
390,336,55,1,28,16,1,0
358,627,30,1,37,23,6,0
322,167,35,1,50,33,9,0
129,3,25,1,48,32,5,0
69,83,5,1,33,21,6,0
39,499,10,1,3,1,1,0
1146,428,33,2,26,20,3,0
1125,668,19,2,74,50,6,1
1057,60,10,2,0,0,0,0
1047,467,4,2,8,5,0,0
1046,676,11,2,6,3,0,0
837,140,8,2,19,11,2,0
826,658,35,2,39,18,4,1
766,88,33,2,9,4,3,0
728,539,30,2,30,19,2,0
532,169,10,2,7,2,6,0
478,616,92,2,24,16,1,0
437,234,84,2,43,29,4,0
377,211,3,2,55,31,2,0
374,615,31,2,18,13,3,0
364,528,77,2,33,22,4,1
357,494,14,2,4,3,1,0
232,86,33,2,9,4,0,2
201,252,25,2,47,30,3,0
1120,671,10,3,20,12,4,0
434,439,10,3,2,1,1,0
202,512,14,3,19,11,6,0
46,606,30,3,52,33,4,0
1123,133,10,4,26,16,1,0
1059,486,23,4,41,24,3,0
1036,150,26,4,1,0,0,0
878,59,14,4,37,18,4,0
838,350,14,4,22,17,2,0
742,137,7,4,0,0,0,0
543,226,5,4,36,23,2,0
472,407,33,4,35,23,5,1
439,109,30,4,54,31,2,0
407,32,86,4,72,45,9,0
368,270,36,4,18,9,1,1
367,270,36,4,0,0,1,1
213,334,26,4,8,5,0,0
199,178,35,4,19,8,3,0
174,621,61,4,0,0,1,0
155,198,6,4,30,20,0,0
54,104,7,4,0,0,0,0
32,322,25,4,47,31,1,0
1062,294,63,5,25,11,2,0
931,176,53,5,9,8,2,0
861,275,10,5,15,12,10,0
1126,576,10,6,10,5,1,0
1124,610,33,6,24,15,2,0
1094,329,3,6,24,18,3,0
933,69,10,6,26,18,1,0
897,42,53,6,15,5,6,1
594,468,16,6,4,3,0,0
593,468,16,6,7,4,0,0
572,453,26,6,8,7,0,0
470,305,4,6,14,10,0,0
469,305,4,6,9,6,0,0
462,608,55,6,35,24,8,0
423,437,32,6,46,24,3,0
386,509,84,6,61,35,8,0
382,571,4,6,5,2,0,0
250,74,38,6,1,1,0,0
148,348,10,6,4,3,0,0
62,233,35,6,34,25,5,0
21,19,19,6,14,5,0,0
1068,446,34,7,34,24,2,1
1007,345,3,7,23,17,1,0
1006,345,3,7,14,10,1,0
885,454,32,7,63,28,7,0
877,105,110,7,22,13,4,0
789,299,36,7,6,4,3,1
788,299,36,7,12,9,3,1
779,499,6,7,37,17,5,0
778,499,6,7,16,10,5,0
636,105,7,7,0,0,4,0
510,218,14,7,29,21,9,0
162,465,6,7,47,27,10,0
100,485,35,7,40,26,4,0
78,154,40,7,25,16,2,0
48,238,10,7,14,8,4,0
1061,224,19,8,15,7,2,0
1045,670,33,8,16,11,3,0
916,611,5,8,72,37,4,0
915,226,105,8,59,31,5,0
791,120,2,8,64,46,2,0
694,181,14,8,23,18,0,0
693,181,14,8,4,3,0,0
592,468,16,8,4,3,2,0
591,468,16,8,7,4,2,0
186,141,35,8,56,36,4,0
70,578,3,8,66,41,4,0
63,551,38,8,31,22,3,0
4,504,2,8,53,35,8,0
1142,564,32,9,30,17,1,0
1070,622,19,9,72,46,6,1
982,644,90,9,13,7,2,0
963,411,16,9,17,12,3,0
887,507,10,9,0,0,0,0
734,10,3,9,32,26,1,0
567,249,14,9,9,4,6,0
541,147,10,9,0,0,0,0
375,446,30,9,13,9,3,1
373,446,83,9,79,54,5,0
355,439,3,9,65,45,13,0
347,538,6,9,33,18,7,0
334,114,44,9,12,9,2,0
141,352,39,9,49,28,2,0
77,446,10,9,19,15,6,1
7,446,11,9,33,22,4,0
5,382,8,9,23,15,5,0
1132,380,4,10,4,3,0,0
1121,339,6,10,48,31,8,1
1073,275,38,10,56,39,4,0
921,153,5,10,51,26,3,0
874,300,14,10,6,5,1,0
811,463,104,10,23,11,2,0
547,214,77,10,30,18,2,0
527,578,33,10,51,34,0,0
508,33,11,10,20,13,4,1
482,193,93,10,122,68,1,0
443,443,84,10,125,76,6,0
378,260,77,10,57,40,2,0
361,664,7,10,0,0,2,0
284,122,10,10,17,11,2,0
276,31,16,10,8,5,1,0
246,547,55,10,22,12,0,0
1127,149,33,11,68,45,8,0
908,379,6,11,50,28,5,0
863,595,6,11,41,26,3,0
614,577,11,11,36,18,8,0
457,130,6,11,43,20,3,0
453,443,16,11,27,14,0,0
445,462,43,11,5,4,0,0
387,122,14,11,15,11,9,0
304,661,7,11,0,0,2,0
127,274,8,11,17,8,1,0
108,430,19,11,87,39,6,0
103,413,2,11,32,24,6,0
67,660,4,11,29,11,5,1
1134,72,6,12,43,29,5,0
1108,643,10,12,17,13,8,1
912,89,59,12,39,25,5,0
905,482,7,12,0,0,0,1
900,492,3,12,41,27,5,0
834,599,87,12,17,9,1,0
833,599,87,12,10,4,1,0
805,205,2,12,15,11,2,0
669,8,17,12,28,14,3,0
639,142,4,12,10,6,0,0
638,142,4,12,1,1,0,0
579,135,11,12,4,3,1,0
483,188,30,12,38,21,9,1
436,194,3,12,41,31,11,0
415,173,10,12,11,4,2,0
414,487,33,12,1,1,0,0
413,487,33,12,12,8,0,0
359,157,6,12,19,9,3,0
281,460,32,12,34,20,6,0
279,364,76,12,28,17,4,0
216,487,69,12,19,13,5,0
184,323,36,12,9,8,4,1
1030,582,14,13,1,1,1,0
1029,582,14,13,18,9,1,0
1002,64,46,13,35,23,3,0
990,307,10,13,10,6,6,0
947,64,10,13,3,3,2,0
946,64,10,13,0,0,2,0
907,138,39,13,18,11,5,0
859,471,46,13,13,7,2,0
792,117,32,13,48,28,8,0
689,439,10,13,1,1,0,0
665,633,38,13,52,37,4,2
618,126,11,13,17,14,2,0
511,79,14,13,34,20,6,0
376,158,43,13,34,22,10,1
185,163,64,13,26,21,6,1
138,12,3,13,22,16,1,0
40,624,24,13,16,10,4,0
36,439,26,13,1,1,1,0
30,232,6,13,54,33,13,1
1106,124,7,14,0,0,1,0
823,351,6,14,7,4,4,0
797,375,6,14,45,34,7,0
787,299,36,14,6,4,0,0
786,299,36,14,12,9,0,0
768,613,5,14,26,13,2,0
753,488,10,14,18,10,2,0
679,655,16,14,52,32,10,1
336,386,46,14,17,14,0,0
335,386,46,14,7,2,0,0
332,88,35,14,24,17,6,0
267,523,3,14,66,44,13,0
260,66,74,14,34,19,4,0
206,446,19,14,57,33,8,0
172,99,2,14,60,47,7,0
17,562,10,14,8,5,1,0
16,562,10,14,8,6,1,0
1,23,3,14,19,12,6,0
1143,537,55,15,23,17,0,0
893,362,6,15,2,0,1,0
892,362,6,15,0,0,1,0
743,509,15,15,38,19,8,0
736,482,3,15,86,58,9,0
582,142,7,15,0,0,1,0
546,648,30,15,12,9,5,0
542,594,10,15,11,9,1,0
459,642,10,15,10,8,0,0
397,557,14,15,8,5,1,0
395,442,10,15,8,5,3,0
360,515,46,15,39,23,6,1
351,485,2,15,13,7,3,0
350,485,2,15,18,11,3,0
341,487,24,15,25,14,5,1
76,318,32,15,45,29,4,0
66,510,5,15,25,12,6,0
52,540,11,15,27,23,7,1
42,221,19,15,41,27,4,0
27,605,3,15,31,19,5,0
1135,313,5,16,21,11,2,0
1118,282,39,16,23,16,2,0
1034,259,86,16,46,27,10,0
1021,273,118,16,41,27,6,1
979,631,33,16,0,0,1,0
978,631,33,16,40,28,1,0
975,493,15,16,25,18,5,0
943,92,6,16,6,3,1,0
932,215,53,16,39,24,3,1
844,560,70,16,49,28,1,0
824,273,75,16,38,22,6,0
709,674,10,16,10,7,0,1
691,597,11,16,22,15,2,0
667,225,10,16,23,19,8,0
492,289,7,16,0,0,2,0
381,24,46,16,30,19,4,0
348,200,34,16,37,24,7,0
261,61,35,16,14,9,2,0
1089,183,6,17,36,23,7,0
1080,132,10,17,3,2,3,0
949,191,55,17,19,12,5,0
750,675,34,17,60,43,6,0
747,253,54,17,62,36,6,0
697,398,6,17,57,39,7,1
641,142,4,17,10,6,1,0
640,142,4,17,1,1,1,0
487,316,11,17,44,31,7,0
418,589,26,17,0,0,0,0
388,115,3,17,63,42,10,2
318,585,35,17,63,39,5,0
211,487,14,17,24,17,4,0
12,412,10,17,3,1,0,0
1069,281,55,18,28,19,5,0
1060,474,7,18,0,0,3,0
1039,197,34,18,81,56,14,0
869,175,33,18,39,24,7,0
852,68,6,18,4,2,1,0
851,68,6,18,4,3,1,0
814,77,3,18,61,39,7,0
666,403,10,18,16,7,14,0
619,285,35,18,35,21,7,0
585,136,19,18,17,8,2,0
501,28,96,18,25,12,2,0
473,403,34,18,17,11,6,0
292,572,39,18,23,8,4,0
291,572,39,18,1,1,4,0
218,83,32,18,79,45,4,0
1107,464,6,19,61,38,6,1
1000,363,3,19,78,46,13,1
822,140,5,19,61,35,2,0
807,123,35,19,52,35,11,1
798,368,10,19,18,11,5,0
657,219,10,19,8,5,0,0
616,509,34,19,19,15,2,0
597,612,94,19,4,2,1,0
160,353,14,19,20,11,4,0
22,231,20,19,80,44,6,0
2,29,4,19,8,5,2,0
1072,91,46,20,14,6,4,1
1017,446,7,20,0,0,0,1
1016,446,7,20,0,0,0,1
960,410,3,20,91,60,14,0
955,263,31,20,19,14,2,0
929,537,19,20,75,48,10,0
854,247,26,20,9,4,1,0
606,482,4,20,53,31,8,0
575,673,6,20,4,3,2,0
574,673,6,20,25,14,2,0
522,142,11,20,0,0,0,0
338,386,46,20,17,14,2,0
337,386,46,20,7,2,2,0
255,325,10,20,7,4,1,0
254,325,10,20,7,4,1,0
253,325,10,20,3,1,1,0
252,325,10,20,3,1,1,0
247,607,24,20,36,25,4,0
140,511,39,20,46,20,4,2
137,653,14,20,8,4,0,0
79,282,8,20,25,18,3,1
35,566,7,20,0,0,3,0
24,243,21,20,52,33,3,0
1044,503,100,21,30,14,5,0
956,537,14,21,54,29,6,0
940,47,15,21,24,18,0,0
904,372,2,21,110,70,6,0
783,262,11,21,17,14,0,0
782,262,11,21,0,0,0,0
781,338,16,21,45,31,5,0
780,57,8,21,32,20,0,0
749,80,7,21,0,0,1,0
748,360,10,21,9,5,4,1
584,374,21,21,70,45,4,0
566,393,47,21,67,31,4,0
552,88,30,21,12,7,1,1
402,500,19,21,6,2,1,0
205,658,67,21,20,6,2,0
1066,406,14,22,44,25,5,0
1041,139,35,22,3,2,4,0
1040,139,35,22,14,10,4,0
880,483,70,22,34,27,5,0
865,389,6,22,51,26,4,0
802,121,84,22,36,22,3,0
677,271,7,22,0,0,2,0
517,68,25,22,63,32,4,1
458,446,32,22,25,15,3,0
431,552,10,22,9,4,2,0
421,83,77,22,39,25,4,1
303,446,6,22,32,21,6,0
230,446,2,22,28,16,4,0
210,58,19,22,37,19,4,0
45,80,10,22,20,11,6,1
1139,146,53,23,3,1,3,0
1138,146,53,23,15,9,3,0
1087,18,120,23,63,32,6,1
1086,18,120,23,1,0,6,1
711,17,14,23,30,18,4,0
604,602,10,23,16,10,2,0
19,562,10,23,8,5,2,0
18,562,10,23,8,6,2,0
895,362,6,24,2,0,2,0
894,362,6,24,0,0,2,0
56,251,34,24,52,41,9,0
1063,592,10,25,16,8,1,0
1032,582,14,25,1,1,0,0
1031,582,14,25,18,9,0,0
1020,195,11,25,0,0,0,0
997,106,59,25,14,13,1,0
996,106,59,25,24,14,1,0
927,206,10,25,7,4,1,0
860,78,35,25,69,51,11,0
840,182,10,25,2,1,1,0
757,492,6,25,25,14,1,0
651,444,86,25,63,48,3,0
629,439,11,25,0,0,0,0
613,170,6,25,93,51,5,0
587,179,3,25,4,3,0,0
577,673,6,25,4,3,2,0
576,673,6,25,25,14,2,0
463,451,23,25,55,25,5,0
306,450,79,25,21,15,7,1
235,370,47,25,42,24,10,0
187,461,65,25,60,32,3,0
173,319,60,25,75,49,12,0
116,619,26,25,3,2,1,0
113,492,10,25,0,0,0,0
104,65,47,25,39,23,4,0
1103,584,3,26,92,54,7,0
930,26,25,26,65,33,1,0
914,273,26,26,4,3,0,0
850,68,6,26,4,2,1,0
849,68,6,26,4,3,1,0
800,63,10,26,29,23,3,0
706,603,10,26,8,6,0,0
705,603,10,26,6,4,0,0
699,355,6,26,61,40,3,1
675,220,72,26,66,30,12,1
660,309,94,26,41,23,1,0
519,331,16,26,2,2,0,0
493,637,7,26,0,0,0,0
391,387,85,26,68,40,5,0
280,423,77,26,64,42,9,0
204,324,11,26,1,1,0,0
167,577,58,26,41,22,5,0
97,315,14,26,34,21,4,0
988,237,14,27,38,21,3,0
637,354,15,27,72,39,6,0
455,511,3,27,10,7,6,0
393,580,3,27,51,35,5,1
372,487,14,27,4,4,1,0
371,487,14,27,10,8,1,0
94,155,24,27,60,39,7,0
84,460,4,27,17,6,2,0
83,460,4,27,0,0,2,0
1012,468,9,28,38,29,4,0
972,90,14,28,12,9,0,0
971,90,14,28,7,4,0,0
968,489,84,28,21,13,3,0
967,489,84,28,45,28,3,0
922,656,6,28,56,44,8,1
920,664,10,28,13,11,2,0
879,506,61,28,48,26,1,0
847,234,108,28,99,60,8,1
830,468,14,28,3,2,0,0
825,350,7,28,0,0,0,0
810,254,77,28,19,14,1,0
763,286,33,28,19,16,1,0
756,328,15,28,66,38,1,0
661,81,36,28,19,12,1,0
615,44,11,28,32,21,1,0
537,34,84,28,26,16,2,0
536,34,84,28,3,3,2,0
507,400,14,28,29,22,2,0
505,630,14,28,8,5,0,0
416,88,35,28,13,7,2,0
406,447,10,28,7,4,3,0
312,509,53,28,14,11,4,0
200,278,5,28,14,8,2,0
176,134,42,28,23,12,0,0
135,486,6,28,22,16,0,0
64,228,4,28,5,3,0,0
1037,426,34,29,48,28,7,1
1033,36,10,29,5,3,2,0
1010,140,30,29,41,19,4,0
981,441,16,29,27,17,6,0
928,223,33,29,18,15,0,0
858,669,10,29,15,9,7,0
799,201,33,29,14,5,0,0
598,318,3,29,56,44,4,0
550,343,86,29,57,35,8,0
444,327,6,29,40,25,2,0
424,125,4,29,32,20,1,0
309,431,32,29,70,42,4,0
115,519,19,29,23,16,3,0
80,572,5,29,42,27,4,0
1090,555,6,30,50,32,8,0
1026,391,10,30,13,10,2,0
876,229,21,30,63,37,4,1
872,312,6,30,49,27,5,0
846,333,14,30,30,19,7,0
688,298,2,30,43,21,2,1
609,73,5,30,32,19,0,0
565,379,5,30,26,15,2,0
564,379,5,30,16,13,2,0
545,558,9,30,62,36,5,0
486,457,32,30,20,12,0,0
475,110,91,30,24,17,4,0
460,88,63,30,8,6,0,0
282,417,6,30,18,10,5,0
223,186,3,30,30,16,3,0
179,248,63,30,22,12,3,0
177,308,53,30,17,11,0,0
939,246,114,31,24,20,1,0
924,95,19,31,87,57,8,0
746,164,11,31,1,1,0,0
653,246,11,31,55,31,4,0
590,403,26,31,20,12,3,0
401,403,16,31,51,26,6,0
315,304,35,31,8,5,0,0
245,246,72,31,39,27,7,0
234,38,32,31,53,28,5,0
220,199,11,31,0,0,0,0
219,199,11,31,0,0,0,0
153,382,14,31,19,16,6,0
1064,427,51,32,18,14,3,0
1056,578,26,32,5,3,0,0
1055,578,26,32,5,3,0,0
808,68,35,32,25,17,9,1
785,262,11,32,17,14,1,0
784,262,11,32,0,0,1,0
765,116,16,32,15,8,3,0
658,518,10,32,3,2,0,0
588,265,61,32,47,27,8,0
571,588,26,32,2,1,1,0
422,509,10,32,25,16,6,0
171,358,3,32,25,20,3,0
133,50,19,32,69,38,11,0
14,429,12,32,23,16,6,0
1050,604,10,33,11,6,2,0
438,480,52,33,18,14,2,0
262,425,2,33,41,29,9,1
198,277,19,33,62,31,4,0
1093,547,14,34,8,6,0,0
882,514,6,34,5,3,1,0
881,514,6,34,7,5,1,0
751,31,36,34,57,46,2,0
649,273,32,34,15,9,1,0
648,273,32,34,5,3,1,0
642,667,40,34,49,25,4,0
442,529,6,34,56,35,4,1
320,349,3,34,56,39,5,0
265,326,6,34,70,38,4,0
215,639,62,34,95,56,9,0
154,44,11,34,29,18,4,1
102,664,30,34,25,12,3,0
28,82,10,34,51,32,3,0
3,381,5,34,48,28,3,1
1116,202,14,35,4,3,0,0
1112,83,7,35,0,0,1,0
1111,83,7,35,0,0,1,0
1091,449,31,35,27,20,1,0
1065,73,77,35,37,29,0,0
1015,35,8,35,21,13,1,0
998,479,30,35,30,20,1,0
980,629,26,35,6,2,1,0
896,577,32,35,58,25,5,0
866,590,55,35,50,35,3,0
775,361,100,35,13,9,0,0
656,535,16,35,20,12,1,0
621,654,80,35,65,36,2,0
516,666,88,35,77,53,6,0
500,475,7,35,0,0,0,1
499,625,35,35,26,15,7,0
427,502,8,35,1,0,0,0
343,577,11,35,3,2,0,0
324,632,33,35,37,26,0,0
270,187,53,35,15,10,1,0
228,639,70,35,23,14,1,0
195,402,66,35,17,10,4,0
189,372,5,35,60,32,2,0
1105,108,36,36,16,12,3,0
1052,139,59,36,57,36,10,1
1051,223,77,36,36,26,3,1
953,409,6,36,12,10,3,0
771,412,53,36,49,30,7,0
708,603,10,36,8,6,1,0
707,603,10,36,6,4,1,0
703,52,26,36,13,10,2,0
702,52,26,36,27,17,2,0
645,222,39,36,17,9,4,0
625,366,10,36,5,3,3,0
581,643,6,36,43,28,12,0
353,485,2,36,13,7,2,0
352,485,2,36,18,11,2,0
299,166,11,36,3,1,0,0
298,166,11,36,25,18,0,0
294,84,21,36,66,39,9,0
26,306,22,36,74,46,10,0
0,272,0,36,17,10,1,0
1005,345,3,37,23,17,0,0
1004,345,3,37,14,10,0,0
970,489,84,37,21,13,6,0
969,489,84,37,45,28,6,0
959,276,30,37,61,41,7,1
934,308,93,37,8,5,0,0
889,494,111,37,55,36,3,0
867,561,35,37,34,17,2,0
862,497,19,37,8,3,2,0
723,235,8,37,10,7,3,0
655,367,30,37,12,8,2,0
561,214,53,37,23,20,5,0
531,564,7,37,0,0,0,0
488,495,94,37,16,7,2,0
412,487,33,37,1,1,1,0
411,487,33,37,12,8,1,0
193,460,55,37,31,23,1,0
191,466,32,37,22,17,3,0
149,635,39,37,62,43,5,0
146,185,55,37,4,3,1,0
47,672,5,37,37,25,8,0
843,246,36,38,34,23,4,1
829,546,35,38,13,10,7,0
796,45,79,38,65,37,11,0
795,45,79,38,65,37,11,0
772,388,22,38,34,23,3,0
554,76,3,38,38,27,6,0
440,76,33,38,17,13,3,0
408,388,7,38,0,0,2,1
385,76,56,38,23,15,0,0
379,100,10,38,4,2,0,0
263,70,30,38,55,31,10,0
226,546,25,38,58,32,10,0
151,620,3,38,74,43,11,0
134,620,19,38,11,5,1,0
1148,273,77,39,50,36,5,0
845,649,32,39,86,48,7,0
754,630,53,39,14,10,3,0
727,1,6,39,32,16,8,0
540,6,8,39,15,10,2,0
530,408,33,39,42,29,3,0
494,392,46,39,19,13,0,0
479,434,6,39,45,34,4,0
380,179,5,39,43,27,6,1
342,577,5,39,48,29,7,0
159,508,38,39,11,9,1,0
112,273,42,39,122,89,6,0
600,438,10,40,31,21,12,0
92,371,14,40,35,25,4,0
1115,421,26,41,7,2,5,2
925,11,11,41,17,12,1,0
923,409,10,41,0,0,0,0
631,241,98,41,67,45,14,0
610,452,4,41,48,29,3,0
526,111,33,41,22,16,6,0
512,139,33,41,2,2,3,0
509,533,6,41,20,12,5,0
236,487,26,41,38,27,10,0
212,21,10,41,30,11,4,0
142,472,35,41,16,10,1,0
1071,23,19,42,41,25,6,0
977,631,33,42,0,0,5,0
976,631,33,42,40,28,5,0
839,449,3,42,48,32,4,0
828,147,11,42,4,2,3,0
804,14,6,42,36,23,3,0
761,487,26,42,0,0,0,0
739,190,14,42,5,3,2,0
738,190,14,42,13,7,2,0
652,242,14,42,15,11,8,0
555,51,38,42,15,10,0,0
521,62,25,42,7,3,0,0
489,397,24,42,4,2,2,0
392,628,35,42,55,35,16,1
325,612,14,42,19,12,6,1
314,487,31,42,32,20,8,1
313,341,3,42,45,25,6,0
197,566,7,42,0,0,0,0
139,358,7,42,0,0,3,0
99,302,46,42,12,7,2,0
91,184,42,42,25,14,7,1
1144,544,86,43,25,16,4,0
1128,140,4,43,15,8,0,0
1023,636,39,43,57,37,5,0
964,273,33,43,17,14,2,0
962,554,3,43,16,7,1,0
733,80,10,43,2,2,0,0
732,80,10,43,4,2,0,0
720,419,84,43,25,18,5,0
719,419,84,43,10,4,5,0
704,171,30,43,17,12,1,0
683,209,36,43,50,35,0,0
560,227,23,43,44,23,2,0
410,148,3,43,42,31,4,0
345,96,16,43,42,36,3,0
221,647,16,43,32,22,1,0
190,210,7,43,0,0,0,0
130,402,10,43,5,5,0,0
23,611,6,43,68,47,8,1
13,587,17,43,43,29,3,0
1088,118,3,44,60,35,10,0
1058,174,2,44,48,32,3,0
1038,487,47,44,16,9,2,0
966,246,53,44,22,12,4,0
936,517,10,44,34,26,4,0
821,382,17,44,44,27,9,0
801,652,6,44,26,15,5,0
634,101,7,44,0,0,0,0
630,359,10,44,15,9,7,0
623,135,6,44,41,22,6,1
620,525,6,44,29,13,0,0
570,243,4,44,2,0,0,0
559,460,35,44,49,33,7,2
152,381,56,44,49,28,8,0
10,314,14,44,19,12,4,0
1049,346,10,45,0,0,0,0
902,347,53,45,10,9,0,0
290,572,39,45,23,8,0,0
289,572,39,45,1,1,0,0
231,203,53,45,29,21,3,0
1001,93,3,46,65,41,6,0
906,575,112,46,14,8,0,0
873,0,32,46,35,24,2,0
793,419,25,46,20,10,4,0
726,673,7,46,0,0,0,0
663,311,58,46,35,20,3,0
632,548,10,46,10,10,4,0
539,34,84,46,26,16,4,0
538,34,84,46,3,3,4,0
409,513,47,46,32,21,0,0
329,451,3,46,62,39,2,0
259,325,10,46,7,4,1,0
258,325,10,46,7,4,1,0
257,325,10,46,3,1,1,0
256,325,10,46,3,1,1,0
86,491,33,46,29,21,5,0
59,2,34,46,58,39,5,1
57,55,3,46,12,8,5,1
29,565,23,46,67,47,8,0
1100,518,77,47,58,44,8,0
1074,566,10,47,8,5,2,0
954,638,4,47,46,26,7,0
918,189,0,47,48,28,9,1
917,194,19,47,47,34,6,1
913,272,32,47,17,12,4,0
909,458,86,47,62,32,4,0
884,514,6,47,5,3,1,0
883,514,6,47,7,5,1,0
841,174,10,47,7,6,1,0
777,499,6,47,37,17,3,1
776,499,6,47,16,10,3,1
764,356,30,47,14,10,1,1
722,189,11,47,2,1,2,1
672,487,7,47,0,0,1,0
603,517,10,47,16,11,2,0
583,132,35,47,17,11,4,0
578,582,30,47,55,34,10,0
370,487,14,47,4,4,4,1
369,487,14,47,10,8,4,1
242,142,19,47,15,13,2,0
126,447,51,47,28,15,8,0
1122,614,25,48,39,22,5,0
1014,543,6,48,50,33,2,0
868,460,3,48,52,33,2,0
773,103,10,48,14,7,4,0
681,536,7,48,0,0,1,0
580,553,3,48,47,25,8,1
568,612,45,48,18,8,3,0
513,107,23,48,35,19,5,0
419,533,10,48,25,16,10,0
158,522,3,48,34,25,2,0
106,522,35,48,69,45,8,0
96,207,45,48,48,27,6,0
90,245,41,48,63,37,5,1
82,460,4,48,17,6,0,0
81,460,4,48,0,0,0,0
37,53,10,48,29,18,1,0
1109,626,61,49,34,17,2,1
817,487,3,49,19,14,3,0
815,165,6,49,52,33,4,0
622,95,53,49,27,24,7,0
612,282,10,49,0,0,0,0
354,579,82,49,52,34,5,0
330,601,3,49,69,41,10,1
287,418,33,49,15,11,0,0
274,527,10,49,12,7,8,0
87,212,6,49,50,25,6,0
33,623,6,49,3,1,0,0
8,618,12,49,20,13,6,0
1129,127,123,50,19,13,2,1
1117,645,30,50,31,17,3,0
1113,484,19,50,25,15,1,0
1008,530,3,50,32,22,2,0
974,90,14,50,12,9,3,0
973,90,14,50,7,4,3,0
752,476,11,50,8,2,0,0
745,496,100,50,40,24,8,0
617,261,4,50,48,23,5,0
556,140,4,50,66,35,4,0
506,342,59,50,34,20,8,1
498,424,33,50,5,3,2,0
497,424,33,50,19,15,2,0
468,305,4,50,14,10,0,0
467,305,4,50,9,6,0,0
208,294,30,50,17,11,0,0
143,293,11,50,4,3,0,0
74,239,10,50,4,3,3,0
73,239,10,50,4,3,3,0
51,455,8,50,33,22,2,0
1099,500,4,51,9,3,2,0
1098,500,4,51,2,0,2,0
965,617,10,51,2,2,0,1
856,48,6,51,37,25,4,0
819,549,75,51,26,17,2,0
790,344,30,51,63,36,5,0
569,198,31,51,33,21,4,0
534,320,11,51,9,4,0,0
446,0,34,51,58,36,4,0
405,432,32,51,49,28,5,0
321,204,33,51,28,17,3,0
283,284,7,51,0,0,0,0
229,416,33,51,28,16,0,0
164,541,6,51,43,28,9,0
163,473,10,51,12,8,0,0
835,373,62,52,51,32,6,0
737,659,10,52,15,13,2,0
713,160,73,52,2,1,0,0
676,518,5,52,30,18,2,0
447,101,14,52,24,16,2,0
122,634,43,52,11,6,3,0
121,634,43,52,19,8,3,0
72,239,10,52,4,3,3,0
71,239,10,52,4,3,3,0
701,52,26,53,13,10,7,0
700,52,26,53,27,17,7,0
1092,318,14,54,22,12,3,0
1025,258,10,54,2,2,1,0
729,640,39,54,34,14,3,0
714,598,6,54,28,16,2,0
607,7,35,54,53,36,7,0
425,73,16,54,66,45,5,0
398,168,7,54,0,0,1,0
363,350,10,54,7,4,1,0
346,22,10,54,6,3,2,1
273,456,75,54,56,35,5,1
238,30,11,54,39,26,7,1
192,395,5,54,21,15,2,0
25,633,10,54,7,5,0,0
957,27,3,55,85,61,8,0
307,542,29,55,2,1,0,0
1102,317,10,56,14,10,2,0
1097,500,4,56,9,3,0,0
1096,500,4,56,2,0,0,0
1095,446,121,56,27,19,4,0
1053,674,11,56,0,0,0,0
987,469,11,56,6,4,0,0
901,225,6,56,33,17,6,0
816,88,3,56,58,43,4,0
635,639,9,56,48,31,3,0
514,534,6,56,30,15,3,0
362,246,15,56,102,61,1,0
288,87,3,56,69,44,10,0
241,578,8,56,17,10,1,0
233,577,31,56,16,11,0,0
166,70,7,56,0,0,0,0
114,651,6,56,41,20,5,0
111,208,33,56,31,19,0,0
101,140,6,56,43,24,3,0
93,43,10,56,4,3,1,0
89,630,14,56,8,5,1,0
75,273,39,56,42,23,1,0
1141,146,53,57,3,1,1,0
1140,146,53,57,15,9,1,0
1082,524,11,57,10,6,1,0
989,641,16,57,34,18,2,0
937,382,53,57,14,10,4,0
910,193,39,57,54,37,2,0
774,56,33,57,0,0,1,1
762,282,35,57,37,22,15,0
744,650,7,57,0,0,0,0
741,190,14,57,5,3,0,0
740,190,14,57,13,7,0,0
716,593,10,57,3,2,4,0
715,593,10,57,3,2,4,0
464,337,7,57,1,0,1,0
452,25,11,57,2,1,0,0
451,25,11,57,20,11,0,0
435,158,3,57,61,38,4,0
394,383,3,57,78,63,9,0
340,119,30,57,50,38,11,2
293,257,5,57,25,14,7,0
251,135,24,57,15,9,6,0
207,378,68,57,27,19,8,0
182,570,35,57,4,2,0,1
109,161,48,57,30,22,3,1
49,255,10,57,19,10,2,1
1027,390,11,58,1,1,0,0
995,106,59,58,14,13,4,0
994,106,59,58,24,14,4,0
945,64,10,58,3,3,0,0
944,64,10,58,0,0,0,0
938,303,10,58,11,6,6,1
926,521,48,58,36,26,4,1
692,51,6,58,61,37,15,1
502,420,6,58,6,5,2,0
474,143,4,58,31,19,4,0
430,492,35,58,49,31,3,1
317,142,35,58,12,7,4,0
297,166,11,58,3,1,5,1
296,166,11,58,25,18,5,1
275,156,10,58,7,5,4,0
217,567,24,58,69,44,7,0
150,13,2,58,35,26,7,0
41,307,10,58,13,10,3,0
34,404,10,58,21,14,1,0
1054,500,26,59,20,15,1,0
958,145,6,59,49,36,6,0
941,382,2,59,51,33,6,0
903,153,33,59,41,29,2,0
758,399,43,59,25,14,5,0
686,612,14,59,5,4,2,0
647,273,32,59,15,9,0,0
646,273,32,59,5,3,0,0
563,379,5,59,26,15,5,0
562,379,5,59,16,13,5,0
448,530,26,59,7,4,1,0
441,85,67,59,5,0,0,0
403,67,3,59,27,19,3,0
396,88,39,59,98,55,4,1
278,269,5,59,30,13,6,0
277,269,5,59,30,13,6,0
194,310,34,59,42,23,9,0
178,646,8,59,53,33,3,0
175,587,62,59,56,35,8,0
144,391,10,59,20,14,4,0
993,550,44,60,39,27,3,0
687,419,11,60,1,0,0,0
476,373,5,60,50,23,6,0
1131,385,61,61,33,16,9,0
1077,465,119,61,31,18,9,0
992,646,32,61,83,45,11,0
991,646,32,61,83,45,11,0
985,357,3,61,10,7,6,1
898,636,7,61,0,0,3,1
836,225,33,61,43,26,10,2
806,477,59,61,62,37,8,0
724,54,9,61,30,25,5,0
535,5,14,61,5,4,2,1
481,288,10,61,5,5,3,1
477,383,36,61,10,7,1,0
450,25,11,61,2,1,1,0
449,25,11,61,20,11,1,0
426,40,87,61,33,20,3,0
327,136,8,61,17,11,4,0
326,136,8,61,17,11,4,0
305,66,39,61,3,1,3,0
214,448,60,61,30,21,5,0
1079,162,73,62,28,19,2,0
1078,162,73,62,28,19,2,0
1076,414,33,62,14,7,6,0
1048,156,24,62,3,2,0,0
1022,439,6,62,11,7,1,0
999,613,16,62,24,18,5,0
984,657,53,62,16,10,3,0
935,478,6,62,40,27,5,0
718,419,84,62,25,18,2,0
717,419,84,62,10,4,2,0
627,563,39,62,34,17,4,1
626,563,39,62,34,17,4,1
553,297,97,62,56,39,7,1
356,436,6,62,31,16,10,0
237,268,3,62,77,49,9,0
85,177,6,62,8,6,2,0
55,545,5,62,42,25,4,0
43,287,20,62,75,40,7,1
1137,435,10,63,10,7,2,0
1011,569,4,63,33,20,2,0
864,483,11,63,0,0,0,0
853,46,3,63,73,49,4,0
848,532,109,63,74,45,9,0
769,609,24,63,49,37,4,1
759,79,32,63,31,14,1,0
696,181,14,63,23,18,5,0
695,181,14,63,4,3,5,0
678,181,4,63,53,33,4,0
674,9,6,63,8,5,4,1
628,468,33,63,21,10,5,0
490,419,10,63,0,0,0,0
484,79,39,63,93,51,6,1
243,181,7,63,0,0,0,0
1145,403,125,64,28,17,4,0
1035,75,29,64,25,21,3,0
948,180,115,64,50,32,7,0
919,301,6,64,14,10,5,0
891,662,3,64,66,47,5,0
870,591,26,64,7,5,0,0
809,668,6,64,16,9,5,0
721,215,88,64,34,24,8,1
523,403,19,64,26,18,2,1
323,600,10,64,11,7,5,0
203,132,32,64,4,0,0,0
131,494,14,64,11,7,2,1
105,340,10,64,6,4,0,0
50,377,14,64,6,2,0,0
44,217,29,64,12,7,5,0
1136,556,124,65,21,15,1,0
712,152,16,65,10,7,4,1
690,96,36,65,9,7,0,0
680,586,33,65,14,8,2,0
673,179,100,65,33,23,2,0
601,559,14,65,5,4,0,0
471,225,10,65,17,13,0,0
456,581,89,65,57,41,2,0
420,494,17,65,20,12,2,0
399,282,10,65,0,0,1,0
333,213,3,65,112,75,12,0
310,295,32,65,70,53,11,0
286,480,53,65,5,4,0,0
264,422,11,65,1,1,1,0
244,266,19,65,31,16,8,1
196,88,7,65,0,0,1,0
169,446,59,65,12,6,3,0
168,446,59,65,12,6,3,0
161,433,57,65,23,14,3,0
118,172,32,65,1,1,3,1
117,172,32,65,8,4,3,1
98,131,7,65,0,0,1,0
38,139,2,65,36,19,1,0
31,15,24,65,60,46,10,0
1133,663,51,66,55,28,5,0
1110,576,8,66,7,3,0,0
888,526,19,66,43,16,3,0
650,26,31,66,18,10,8,0
589,583,30,66,35,16,7,0
480,531,84,66,39,27,1,0
389,516,35,66,10,8,0,0
339,129,10,66,10,6,1,0
316,573,10,66,33,17,1,0
311,128,80,66,48,30,9,0
301,365,2,66,15,8,2,0
157,283,10,66,6,4,4,0
128,20,52,66,58,41,2,0
107,440,32,66,55,33,6,0
88,347,35,66,76,51,10,0
1043,139,35,67,3,2,0,0
1042,139,35,67,14,10,0,0
818,139,32,67,69,49,15,0
643,16,39,67,49,20,13,2
608,394,94,67,31,19,5,0
605,446,7,67,0,0,2,0
515,4,30,67,2,2,4,0
383,593,3,67,74,49,11,1
271,396,10,67,9,6,6,1
266,139,19,67,68,38,7,1
225,636,10,67,5,2,3,0
125,49,50,67,88,62,9,0
95,256,31,67,11,6,4,0
6,446,10,67,26,12,14,0
1028,216,7,68,0,0,2,0
1114,172,61,69,31,13,4,0
1085,18,120,69,63,32,0,0
1084,18,120,69,1,0,0,0
950,459,10,69,3,3,4,0
911,246,3,69,82,63,9,0
820,446,6,69,32,21,7,1
662,290,6,69,46,27,6,0
596,279,10,69,9,7,3,0
595,388,11,69,30,18,4,0
491,41,33,69,28,18,3,0
465,271,32,69,18,9,2,0
404,330,3,69,3,2,0,0
400,159,43,69,57,37,9,0
302,335,8,69,9,4,3,0
272,439,26,69,1,1,0,0
249,264,34,69,18,13,3,0
224,332,7,69,0,0,0,0
145,246,19,69,24,9,1,0
136,172,11,69,11,6,1,0
110,147,49,69,38,23,5,0
1150,37,16,70,17,10,3,0
1019,446,7,70,0,0,1,0
1018,446,7,70,0,0,1,0
983,445,77,70,65,47,5,0
842,273,6,70,27,22,3,0
770,31,36,70,36,28,8,0
725,236,7,70,0,0,0,0
668,31,10,70,2,2,0,0
611,372,3,70,58,40,3,0
533,283,24,70,25,17,7,0
466,494,3,70,52,33,8,0
9,273,13,70,27,18,3,0
1151,151,84,71,68,45,3,0
1149,369,124,71,47,30,4,0
1147,230,14,71,1,1,0,0
710,112,33,71,26,18,1,0
659,104,30,71,44,21,6,2
544,296,17,71,7,0,0,0
524,226,3,71,76,53,9,0
518,102,6,71,84,42,9,0
461,109,6,71,27,11,2,0
454,505,43,71,4,2,2,0
366,270,36,71,18,9,0,0
365,270,36,71,0,0,0,0
269,240,14,71,35,21,3,0
227,192,11,71,15,10,3,0
147,631,14,71,10,4,1,0
132,73,26,71,2,2,1,0
124,634,43,71,11,6,2,0
123,634,43,71,19,8,2,0
1104,384,6,72,30,16,6,0
986,267,63,72,4,2,0,0
952,144,101,72,3,2,0,0
951,122,30,72,44,27,6,0
875,498,33,72,25,15,4,0
832,599,87,72,17,9,5,0
831,599,87,72,10,4,5,0
812,397,79,72,79,51,8,0
685,98,33,72,12,6,3,0
682,338,35,72,0,0,0,0
670,291,32,72,138,65,8,0
664,280,17,72,34,24,7,0
573,97,33,72,15,12,1,0
548,400,3,72,25,16,1,0
525,365,33,72,13,9,3,0
433,574,11,72,22,12,3,0
384,660,33,72,19,13,0,0
344,474,31,72,19,14,2,0
180,415,6,72,3,3,0,0
170,470,16,72,8,7,1,0
1013,419,35,73,9,4,1,0
942,321,67,73,78,49,4,1
890,361,77,73,29,21,2,0
855,537,24,73,20,9,3,0
586,520,10,73,19,12,5,0
557,509,16,73,38,25,0,0
432,596,88,73,11,8,0,0
308,39,47,73,63,40,7,0
285,71,61,73,35,21,5,0
240,250,16,73,50,40,5,0
188,439,59,73,20,13,5,1
183,665,11,73,0,0,0,0
120,172,32,73,1,1,0,0
119,172,32,73,8,4,0,0
58,494,36,73,28,25,0,0
20,318,18,73,27,17,0,0
11,88,16,73,23,15,2,0
1067,595,14,74,16,9,0,0
1024,196,82,74,44,28,3,0
1009,376,82,74,26,16,0,0
827,405,15,74,44,26,4,0
803,646,14,74,25,19,3,0
794,86,16,74,41,29,5,0
558,572,8,74,32,21,0,0
549,122,32,74,33,23,5,0
428,446,3,74,64,44,8,0
417,501,35,74,19,12,0,0
349,67,19,74,22,17,3,0
331,21,10,74,7,5,1,0
248,193,9,74,39,26,5,0
239,559,7,74,1,1,3,1
181,282,6,74,12,4,1,0
68,244,30,74,12,8,1,0
61,94,37,74,44,25,9,2
60,292,7,74,0,0,0,0
