playerPlaymakingAbilityId,birthId,roleId,organizationId,assists,dribbles,sca,sca90,pass_targets,miscontrols,dispossessed,fouled
705,424,33,0,1,12,17,3.42,401,14,3,11
704,424,33,0,1,12,17,3.42,401,14,3,13
703,424,33,0,1,12,26,3.23,401,14,3,11
702,424,33,0,1,12,26,3.23,401,14,3,13
697,424,33,0,0,12,17,3.42,401,14,3,11
696,424,33,0,0,12,17,3.42,401,14,3,13
695,424,33,0,0,12,26,3.23,401,14,3,11
694,424,33,0,0,12,26,3.23,401,14,3,13
1705,490,32,1,2,10,31,1.42,832,15,6,13
1207,568,14,1,2,99,99,4.36,1106,71,47,58
1118,113,73,1,2,15,25,0.85,1222,19,12,46
1074,80,10,1,1,8,14,2.38,389,17,7,3
1073,80,10,1,1,8,14,2.38,389,17,7,12
1072,80,10,1,1,8,16,1.56,389,17,7,3
1071,80,10,1,1,8,16,1.56,389,17,7,12
1066,80,10,1,1,8,14,2.38,389,17,7,3
1065,80,10,1,1,8,14,2.38,389,17,7,12
1064,80,10,1,1,8,16,1.56,389,17,7,3
1063,80,10,1,1,8,16,1.56,389,17,7,12
893,401,2,1,4,19,63,3.67,924,15,16,39
739,481,10,1,5,101,95,3.12,1648,95,47,58
552,336,55,1,4,48,60,2.33,1300,37,33,29
495,627,30,1,1,13,17,0.51,1633,4,9,11
434,167,35,1,0,3,16,0.44,1509,1,1,24
191,3,25,1,2,50,29,1.37,1034,23,24,24
82,83,5,1,0,23,19,1.16,761,16,11,8
52,499,10,1,1,11,12,1.57,267,16,10,8
1733,428,33,2,6,115,117,4.29,2046,88,83,42
1699,668,19,2,2,14,30,1.42,1443,17,9,26
1607,60,10,2,0,0,0,0.0,4,0,0,0
1597,467,4,2,0,3,6,3.05,150,2,3,6
1596,676,11,2,0,37,6,1.47,230,10,6,2
1243,140,8,2,6,87,48,3.03,881,27,41,17
1220,658,35,2,1,16,12,0.52,1703,1,7,13
1124,88,33,2,5,117,67,3.4,1045,52,58,22
1061,539,30,2,0,8,6,0.51,925,5,2,3
743,169,10,2,1,21,29,2.22,655,36,21,17
677,616,92,2,1,17,16,1.58,588,8,7,6
612,234,84,2,2,10,32,1.61,1021,15,20,38
539,211,3,2,3,22,42,1.78,1451,19,21,46
536,615,31,2,2,54,89,4.31,1130,29,32,42
502,528,77,2,5,44,74,4.23,1065,21,26,22
494,494,14,2,2,22,13,3.85,187,8,4,7
295,86,33,2,3,74,41,3.39,615,27,20,20
263,252,25,2,0,30,16,1.23,835,20,22,25
1694,671,10,3,2,42,56,2.15,1284,75,61,62
609,439,10,3,0,5,3,1.16,112,10,4,8
264,512,14,3,2,63,50,1.69,1307,83,55,75
59,606,30,3,1,6,4,0.13,770,5,4,14
1697,133,10,4,2,19,55,2.03,994,61,23,17
1609,486,23,4,0,8,31,1.03,1238,7,13,20
1574,150,26,4,0,2,0,0.0,22,0,0,1
1296,59,14,4,2,66,67,2.43,1197,97,64,84
1244,350,14,4,0,48,31,2.4,546,28,32,40
1099,137,7,4,0,2,0,0.0,219,0,0,0
766,226,5,4,8,46,119,3.54,1262,33,35,26
671,407,33,4,2,28,45,2.35,871,22,30,47
614,109,30,4,1,23,18,0.67,1055,2,11,18
570,32,86,4,0,45,44,1.42,1120,22,34,39
518,270,36,4,8,54,74,4.12,782,27,39,15
517,270,36,4,8,54,74,4.12,782,27,39,0
516,270,36,4,8,54,0,0.0,782,27,39,15
515,270,36,4,8,54,0,0.0,782,27,39,0
510,270,36,4,0,54,74,4.12,782,27,39,15
509,270,36,4,0,54,74,4.12,782,27,39,0
508,270,36,4,0,54,0,0.0,782,27,39,15
507,270,36,4,0,54,0,0.0,782,27,39,0
276,334,26,4,0,4,5,1.21,141,0,3,9
261,178,35,4,1,3,8,0.4,862,2,2,26
236,621,61,4,0,5,1,0.43,75,0,0,1
217,198,6,4,0,8,17,1.12,663,3,5,12
67,104,7,4,0,0,2,0.09,514,1,0,4
45,322,25,4,1,36,67,2.13,1167,25,32,41
1612,294,63,5,2,5,13,0.47,948,7,5,18
1373,176,53,5,4,23,67,2.92,1001,32,21,36
1279,275,10,5,1,48,58,1.8,1390,105,55,47
1700,576,10,6,1,11,32,2.98,465,27,19,10
1698,610,33,6,3,112,56,2.21,937,82,67,45
1656,329,3,6,1,5,11,1.12,244,2,3,7
1375,69,10,6,6,72,72,2.38,1214,68,47,65
1339,42,53,6,0,12,16,2.05,318,23,23,10
854,468,16,6,0,4,9,2.67,128,4,1,4
853,468,16,6,0,4,9,2.67,128,4,1,6
852,468,16,6,0,4,15,1.63,128,4,1,4
851,468,16,6,0,4,15,1.63,128,4,1,6
846,468,16,6,1,4,9,2.67,128,4,1,4
845,468,16,6,1,4,9,2.67,128,4,1,6
844,468,16,6,1,4,15,1.63,128,4,1,4
843,468,16,6,1,4,15,1.63,128,4,1,6
807,453,26,6,0,0,3,0.72,69,3,0,6
669,305,4,6,1,19,16,2.15,296,19,23,18
668,305,4,6,1,19,16,2.15,296,19,23,3
667,305,4,6,1,19,1,0.29,296,19,23,18
666,305,4,6,1,19,1,0.29,296,19,23,3
661,305,4,6,0,19,16,2.15,296,19,23,18
660,305,4,6,0,19,16,2.15,296,19,23,3
659,305,4,6,0,19,1,0.29,296,19,23,18
658,305,4,6,0,19,1,0.29,296,19,23,3
649,608,55,6,1,120,61,2.17,985,68,48,40
598,437,32,6,2,11,11,0.84,308,15,10,8
548,509,84,6,2,12,25,0.85,706,10,30,41
544,571,4,6,1,5,3,2.81,21,1,1,0
313,74,38,6,0,10,8,1.58,173,4,9,2
210,348,10,6,1,5,7,1.72,158,12,8,13
75,233,35,6,1,7,10,0.55,512,0,3,6
34,19,19,6,1,5,5,0.67,189,4,12,5
1618,446,34,7,0,26,29,1.43,857,22,28,17
1521,345,3,7,0,15,26,1.69,729,7,20,30
1520,345,3,7,0,15,26,1.69,729,7,20,17
1519,345,3,7,0,15,16,1.91,729,7,20,30
1518,345,3,7,0,15,16,1.91,729,7,20,17
1513,345,3,7,0,15,26,1.69,729,7,20,30
1512,345,3,7,0,15,26,1.69,729,7,20,17
1511,345,3,7,0,15,16,1.91,729,7,20,30
1510,345,3,7,0,15,16,1.91,729,7,20,17
1315,454,32,7,1,12,28,1.28,951,17,12,27
1295,105,110,7,2,42,36,2.19,806,39,30,40
1183,299,36,7,1,6,15,4.17,178,4,6,3
1182,299,36,7,1,6,15,4.17,178,4,6,9
1181,299,36,7,1,6,32,3.21,178,4,6,3
1180,299,36,7,1,6,32,3.21,178,4,6,9
1175,299,36,7,0,6,15,4.17,178,4,6,3
1174,299,36,7,0,6,15,4.17,178,4,6,9
1173,299,36,7,0,6,32,3.21,178,4,6,3
1172,299,36,7,0,6,32,3.21,178,4,6,9
1149,499,6,7,0,2,2,0.12,530,5,1,22
1148,499,6,7,0,2,2,0.12,530,5,1,9
1147,499,6,7,0,2,5,0.68,530,5,1,22
1146,499,6,7,0,2,5,0.68,530,5,1,9
1141,499,6,7,0,2,2,0.12,530,5,1,22
1140,499,6,7,0,2,2,0.12,530,5,1,9
1139,499,6,7,0,2,5,0.68,530,5,1,22
1138,499,6,7,0,2,5,0.68,530,5,1,9
896,105,7,7,0,0,1,0.03,371,0,0,6
721,218,14,7,3,97,107,2.95,1959,69,70,76
224,465,6,7,2,1,7,0.22,1149,6,4,10
138,485,35,7,1,15,13,0.47,954,5,8,17
103,154,40,7,5,101,57,3.15,954,27,48,40
61,238,10,7,3,30,49,2.27,1198,60,48,41
1611,224,19,8,0,8,19,2.19,293,11,5,18
1595,670,33,8,4,90,86,3.68,1205,59,76,74
1358,611,5,8,5,70,69,2.06,1288,22,16,37
1357,226,105,8,2,90,85,3.34,1048,58,63,46
1185,120,2,8,0,72,33,1.86,536,24,51,38
989,181,14,8,5,6,56,4.34,194,11,6,35
988,181,14,8,5,6,56,4.34,194,11,6,2
987,181,14,8,5,6,4,1.02,194,11,6,35
986,181,14,8,5,6,4,1.02,194,11,6,2
981,181,14,8,0,6,56,4.34,194,11,6,35
980,181,14,8,0,6,56,4.34,194,11,6,2
979,181,14,8,0,6,4,1.02,194,11,6,35
978,181,14,8,0,6,4,1.02,194,11,6,2
850,468,16,8,0,6,9,2.67,396,22,12,4
849,468,16,8,0,6,9,2.67,396,22,12,6
848,468,16,8,0,6,15,1.63,396,22,12,4
847,468,16,8,0,6,15,1.63,396,22,12,6
842,468,16,8,1,6,9,2.67,396,22,12,4
841,468,16,8,1,6,9,2.67,396,22,12,6
840,468,16,8,1,6,15,1.63,396,22,12,4
839,468,16,8,1,6,15,1.63,396,22,12,6
248,141,35,8,1,23,9,0.46,823,10,9,13
83,578,3,8,1,15,17,0.76,963,6,8,22
76,551,38,8,1,50,27,1.7,734,32,37,20
4,504,2,8,0,44,50,2.17,989,28,24,16
1729,564,32,9,1,7,21,1.76,488,7,4,17
1620,622,19,9,2,30,31,1.16,927,25,32,47
1472,644,90,9,2,33,25,3.57,319,17,30,15
1417,411,16,9,2,64,39,2.86,749,40,23,48
1317,507,10,9,0,0,0,0.0,8,1,0,0
1079,10,3,9,2,19,37,2.97,695,14,14,15
802,249,14,9,1,58,50,2.58,862,40,18,48
764,147,10,9,0,0,1,22.5,2,0,1,0
537,446,30,9,0,3,7,0.52,484,2,1,9
535,446,83,9,5,29,94,3.14,1555,31,34,35
492,439,3,9,0,56,50,1.77,1371,20,15,45
472,538,6,9,0,5,12,0.51,662,4,2,16
447,114,44,9,0,38,20,1.95,420,24,10,13
203,352,39,9,4,21,69,3.14,890,15,8,14
102,446,10,9,2,33,55,2.36,1132,83,49,63
7,446,11,9,3,33,27,1.78,534,19,31,22
5,382,8,9,6,74,65,2.84,917,79,61,48
1707,380,4,10,1,3,15,5.06,153,4,2,5
1695,339,6,10,1,10,23,0.61,1906,6,7,27
1623,275,38,10,3,83,168,5.76,1651,46,47,98
1363,153,5,10,3,46,63,2.39,1634,35,37,32
1292,300,14,10,3,29,39,3.66,583,43,28,13
1205,463,104,10,3,29,26,2.7,494,9,12,11
770,214,77,10,2,32,23,1.83,537,29,13,16
738,578,33,10,4,68,72,3.23,1122,48,79,41
719,33,11,10,1,13,12,1.21,429,5,9,11
681,193,93,10,2,88,59,2.11,1560,32,55,44
618,443,84,10,1,30,39,1.31,1302,18,26,33
540,260,77,10,6,46,95,3.02,1773,32,51,61
498,664,7,10,0,1,5,0.13,560,0,0,7
371,122,10,10,5,44,64,1.9,1223,60,23,17
363,31,16,10,3,27,29,4.2,407,18,19,11
309,547,55,10,8,78,77,3.33,1113,50,40,34
1701,149,33,11,3,107,80,2.35,1507,90,99,79
1350,379,6,11,3,12,18,0.79,774,2,4,23
1281,595,6,11,0,0,10,0.35,1064,3,3,7
874,577,11,11,0,34,24,1.07,770,22,30,44
644,130,6,11,1,5,15,0.59,1001,9,3,12
640,443,16,11,0,40,44,2.48,698,29,30,7
620,462,43,11,0,1,0,0.0,56,0,5,2
549,122,14,11,1,34,56,1.92,1396,107,39,48
415,661,7,11,0,1,6,0.16,636,0,0,7
189,274,8,11,3,36,32,2.24,566,28,29,19
146,430,19,11,7,43,104,3.09,1288,18,32,31
141,413,2,11,1,35,29,1.79,763,15,25,23
80,660,4,11,0,24,18,1.36,635,10,9,12
1709,72,6,12,1,13,25,1.38,914,8,5,16
1682,643,10,12,3,83,94,3.45,1217,86,60,88
1354,89,59,12,3,13,23,0.73,1317,2,1,13
1347,482,7,12,0,0,0,0.0,43,0,0,3
1342,492,3,12,2,16,58,2.9,935,17,21,29
1240,599,87,12,4,18,42,3.19,547,10,8,22
1239,599,87,12,4,18,42,3.19,547,10,8,17
1238,599,87,12,4,18,26,2.45,547,10,8,22
1237,599,87,12,4,18,26,2.45,547,10,8,17
1232,599,87,12,0,18,42,3.19,547,10,8,22
1231,599,87,12,0,18,42,3.19,547,10,8,17
1230,599,87,12,0,18,26,2.45,547,10,8,22
1229,599,87,12,0,18,26,2.45,547,10,8,17
1199,205,2,12,2,21,42,5.23,514,12,14,19
954,8,17,12,"",19,57,3.26,724,15,10,22
953,8,17,12,6,19,57,3.26,724,15,10,22
909,142,4,12,3,0,18,3.11,13,0,1,7
908,142,4,12,3,0,18,3.11,13,0,1,0
907,142,4,12,3,0,0,0.0,13,0,1,7
906,142,4,12,3,0,0,0.0,13,0,1,0
901,142,4,12,0,0,18,3.11,13,0,1,7
900,142,4,12,0,0,18,3.11,13,0,1,0
899,142,4,12,0,0,0,0.0,13,0,1,7
898,142,4,12,0,0,0,0.0,13,0,1,0
826,135,11,12,0,0,2,2.65,31,0,2,0
682,188,30,12,0,15,31,1.45,1173,5,6,30
611,194,3,12,4,62,55,2.46,1192,31,27,50
590,173,10,12,2,40,102,3.08,1593,72,69,27
589,487,33,12,0,13,21,7.3,156,5,10,9
588,487,33,12,0,13,21,7.3,156,5,10,21
587,487,33,12,0,13,39,4.72,156,5,10,9
586,487,33,12,0,13,39,4.72,156,5,10,21
581,487,33,12,2,13,21,7.3,156,5,10,9
580,487,33,12,2,13,21,7.3,156,5,10,21
579,487,33,12,2,13,39,4.72,156,5,10,9
578,487,33,12,2,13,39,4.72,156,5,10,21
496,157,6,12,0,1,2,0.34,281,0,1,4
368,460,32,12,0,20,16,1.03,775,11,7,21
366,364,76,12,2,11,30,2.11,572,14,13,12
279,487,69,12,7,27,78,3.52,1207,19,13,19
246,323,36,12,8,36,66,6.44,571,25,26,39
1566,582,14,13,2,68,12,5.68,801,51,31,7
1565,582,14,13,2,68,12,5.68,801,51,31,16
1564,582,14,13,2,68,81,5.38,801,51,31,7
1563,582,14,13,2,68,81,5.38,801,51,31,16
1558,582,14,13,2,68,12,5.68,801,51,31,7
1557,582,14,13,2,68,12,5.68,801,51,31,16
1556,582,14,13,2,68,81,5.38,801,51,31,7
1555,582,14,13,2,68,81,5.38,801,51,31,16
1504,64,46,13,6,135,111,3.73,1418,75,64,82
1480,307,10,13,0,14,27,3.16,465,33,15,19
1401,64,10,13,0,1,2,0.97,74,5,3,2
1400,64,10,13,0,1,2,0.97,74,5,3,3
1399,64,10,13,0,1,5,3.0,74,5,3,2
1398,64,10,13,0,1,5,3.0,74,5,3,3
1393,64,10,13,0,1,2,0.97,74,5,3,2
1392,64,10,13,0,1,2,0.97,74,5,3,3
1391,64,10,13,0,1,5,3.0,74,5,3,2
1390,64,10,13,0,1,5,3.0,74,5,3,3
1349,138,39,13,3,15,15,0.9,613,7,9,19
1277,471,46,13,0,39,21,2.49,450,21,17,14
1186,117,32,13,3,47,37,1.32,1232,23,18,29
974,439,10,13,0,4,2,8.57,10,1,1,1
949,633,38,13,5,41,105,3.83,1388,26,33,49
878,126,11,13,2,19,42,3.6,463,21,16,33
722,79,14,13,3,89,105,4.16,1231,39,65,77
538,158,43,13,0,15,32,1.61,841,7,9,35
247,163,64,13,0,35,24,2.0,408,7,13,4
200,12,3,13,1,9,20,2.58,332,2,3,8
53,624,24,13,0,26,16,1.43,419,8,11,13
49,439,26,13,0,0,0,0.0,48,0,0,1
43,232,6,13,0,4,8,0.33,854,7,1,38
1680,124,7,14,1,0,2,0.36,73,0,0,1
1217,351,6,14,0,1,5,0.63,411,0,0,2
1191,375,6,14,0,9,17,0.49,1501,4,4,13
1179,299,36,14,1,16,15,4.17,477,17,7,3
1178,299,36,14,1,16,15,4.17,477,17,7,9
1177,299,36,14,1,16,32,3.21,477,17,7,3
1176,299,36,14,1,16,32,3.21,477,17,7,9
1171,299,36,14,0,16,15,4.17,477,17,7,3
1170,299,36,14,0,16,15,4.17,477,17,7,9
1169,299,36,14,0,16,32,3.21,477,17,7,3
1168,299,36,14,0,16,32,3.21,477,17,7,9
1126,613,5,14,0,11,12,1.4,452,7,8,9
1110,488,10,14,1,17,35,1.53,1023,51,33,38
964,655,16,14,3,168,65,2.13,1480,83,94,64
459,386,46,14,2,30,74,4.9,459,10,20,32
458,386,46,14,2,30,74,4.9,459,10,20,10
457,386,46,14,2,30,34,3.9,459,10,20,32
456,386,46,14,2,30,34,3.9,459,10,20,10
451,386,46,14,1,30,74,4.9,459,10,20,32
450,386,46,14,1,30,74,4.9,459,10,20,10
449,386,46,14,1,30,34,3.9,459,10,20,32
448,386,46,14,1,30,34,3.9,459,10,20,10
445,88,35,14,1,23,14,0.55,1226,7,11,13
354,523,3,14,3,22,31,1.05,1197,22,11,28
347,66,74,14,7,67,95,2.54,2128,24,30,31
268,446,19,14,4,70,67,2.4,1504,36,28,48
234,99,2,14,2,56,71,2.83,1549,36,19,41
28,562,10,14,2,14,24,1.56,345,24,18,22
27,562,10,14,2,14,24,1.56,345,24,18,13
26,562,10,14,2,14,6,0.68,345,24,18,22
25,562,10,14,2,14,6,0.68,345,24,18,13
20,562,10,14,0,14,24,1.56,345,24,18,22
19,562,10,14,0,14,24,1.56,345,24,18,13
18,562,10,14,0,14,6,0.68,345,24,18,22
17,562,10,14,0,14,6,0.68,345,24,18,13
1,23,3,14,0,14,12,0.89,570,4,8,21
1730,537,55,15,2,222,94,3.37,1437,56,65,65
1333,362,6,15,0,0,0,0.0,61,1,0,2
1332,362,6,15,0,0,0,0.0,61,1,0,1
1331,362,6,15,0,0,1,0.62,61,1,0,2
1330,362,6,15,0,0,1,0.62,61,1,0,1
1325,362,6,15,0,0,0,0.0,61,1,0,2
1324,362,6,15,0,0,0,0.0,61,1,0,1
1323,362,6,15,0,0,1,0.62,61,1,0,2
1322,362,6,15,0,0,1,0.62,61,1,0,1
1100,509,15,15,2,28,43,1.77,1204,24,31,18
1081,482,3,15,5,72,93,3.24,2034,27,37,65
829,142,7,15,0,3,8,0.26,487,0,0,3
769,648,30,15,1,4,23,1.09,1290,6,5,16
765,594,10,15,3,17,24,2.2,462,17,17,18
646,642,10,15,0,8,12,4.09,161,9,7,6
559,557,14,15,0,21,10,2.34,173,7,6,19
557,442,10,15,7,41,93,2.86,1353,65,37,50
497,515,46,15,10,78,117,4.22,1369,51,45,73
486,485,2,15,1,32,20,2.03,509,12,16,14
485,485,2,15,1,32,20,2.03,509,12,16,14
484,485,2,15,1,32,27,2.88,509,12,16,14
483,485,2,15,1,32,27,2.88,509,12,16,14
478,485,2,15,5,32,20,2.03,509,12,16,14
477,485,2,15,5,32,20,2.03,509,12,16,14
476,485,2,15,5,32,27,2.88,509,12,16,14
475,485,2,15,5,32,27,2.88,509,12,16,14
466,487,24,15,2,9,7,0.42,815,6,5,14
101,318,32,15,1,43,31,2.19,690,11,8,17
79,510,5,15,1,20,29,2.57,610,5,11,18
65,540,11,15,2,14,25,2.43,675,8,23,16
55,221,19,15,1,38,28,1.53,941,14,24,32
40,605,3,15,0,10,21,1.35,982,5,9,39
1710,313,5,16,1,16,11,1.0,422,12,6,14
1692,282,39,16,0,35,14,1.09,548,11,16,4
1572,259,86,16,2,32,42,1.46,1643,10,12,38
1547,273,118,16,2,44,21,1.36,768,13,16,15
1469,631,33,16,0,5,6,4.82,89,3,4,2
1468,631,33,16,0,5,6,4.82,89,3,4,30
1467,631,33,16,0,5,70,4.12,89,3,4,2
1466,631,33,16,0,5,70,4.12,89,3,4,30
1461,631,33,16,5,5,6,4.82,89,3,4,2
1460,631,33,16,5,5,6,4.82,89,3,4,30
1459,631,33,16,5,5,70,4.12,89,3,4,2
1458,631,33,16,5,5,70,4.12,89,3,4,30
1453,493,15,16,1,18,17,1.39,715,7,11,4
1385,92,6,16,0,6,2,0.31,302,3,0,2
1374,215,53,16,3,49,56,1.61,1528,58,39,23
1250,560,70,16,2,41,49,2.61,1134,12,25,39
1218,273,75,16,5,48,45,2.31,835,32,37,35
1030,674,10,16,0,16,12,1.71,266,26,18,12
976,597,11,16,1,33,33,3.47,415,27,19,18
951,225,10,16,4,46,60,2.88,906,60,43,56
691,289,7,16,0,0,0,0.0,135,0,0,0
543,24,46,16,6,132,66,2.96,1103,56,64,48
473,200,34,16,1,16,29,1.73,767,11,16,52
348,61,35,16,1,2,3,0.22,671,1,2,5
1651,183,6,17,0,11,7,0.23,965,4,5,16
1630,132,10,17,0,7,19,1.32,610,28,17,31
1403,191,55,17,5,103,68,2.89,1144,42,37,86
1107,675,34,17,4,20,104,3.44,1179,16,16,22
1104,253,54,17,3,69,60,1.67,1343,33,23,41
994,398,6,17,0,6,10,0.46,733,4,3,24
913,142,4,17,3,6,18,3.11,340,3,3,7
912,142,4,17,3,6,18,3.11,340,3,3,0
911,142,4,17,3,6,0,0.0,340,3,3,7
910,142,4,17,3,6,0,0.0,340,3,3,0
905,142,4,17,0,6,18,3.11,340,3,3,7
904,142,4,17,0,6,18,3.11,340,3,3,0
903,142,4,17,0,6,0,0.0,340,3,3,7
902,142,4,17,0,6,0,0.0,340,3,3,0
686,316,11,17,0,49,49,1.77,1450,51,33,65
593,589,26,17,0,0,0,0.0,1,0,0,0
550,115,3,17,1,110,75,2.31,1572,53,50,68
430,585,35,17,1,23,30,0.84,1167,5,13,21
273,487,14,17,2,45,50,2.54,1011,43,30,38
13,412,10,17,0,17,19,2.51,416,28,24,14
1619,281,55,18,5,87,84,3.55,815,51,36,46
1610,474,7,18,0,1,6,0.17,493,0,0,3
1577,197,34,18,3,27,50,1.9,828,29,33,61
1287,175,33,18,3,92,59,2.07,1137,70,52,39
1270,68,6,18,0,1,1,0.14,171,0,1,1
1269,68,6,18,0,1,1,0.14,171,0,1,1
1268,68,6,18,0,1,0,0.0,171,0,1,1
1267,68,6,18,0,1,0,0.0,171,0,1,1
1262,68,6,18,0,1,1,0.14,171,0,1,1
1261,68,6,18,0,1,1,0.14,171,0,1,1
1260,68,6,18,0,1,0,0.0,171,0,1,1
1259,68,6,18,0,1,0,0.0,171,0,1,1
1208,77,3,18,0,18,14,0.84,424,11,9,28
950,403,10,18,4,26,43,1.65,1020,52,25,47
879,285,35,18,1,9,5,0.15,854,8,0,22
833,136,19,18,1,12,16,0.65,609,13,15,36
712,28,96,18,0,11,12,1.5,203,9,9,9
672,403,34,18,5,10,36,3.33,471,9,7,19
391,572,39,18,0,23,11,0.88,294,11,12,19
390,572,39,18,0,23,11,0.88,294,11,12,1
389,572,39,18,0,23,1,1.53,294,11,12,19
388,572,39,18,0,23,1,1.53,294,11,12,1
383,572,39,18,0,23,11,0.88,294,11,12,19
382,572,39,18,0,23,11,0.88,294,11,12,1
381,572,39,18,0,23,1,1.53,294,11,12,19
380,572,39,18,0,23,1,1.53,294,11,12,1
281,83,32,18,5,26,45,1.4,943,15,9,13
1681,464,6,19,0,7,5,0.23,526,6,6,29
1502,363,3,19,2,38,78,2.73,934,19,24,45
1216,140,5,19,3,39,44,1.75,750,27,21,26
1201,123,35,19,0,18,24,0.77,898,14,12,15
1192,368,10,19,1,42,46,1.54,1710,106,78,42
941,219,10,19,2,18,17,1.61,521,29,12,5
876,509,34,19,0,14,15,1.46,335,17,9,28
857,612,94,19,2,13,15,2.5,231,10,3,6
222,353,14,19,2,36,28,1.47,698,46,26,23
35,231,20,19,8,33,78,2.45,815,19,17,24
2,29,4,19,0,9,2,0.49,131,5,7,6
1622,91,46,20,0,10,25,3.29,334,12,11,10
1541,446,7,20,0,0,1,0.08,16,0,0,4
1540,446,7,20,0,0,1,0.08,16,0,0,0
1539,446,7,20,0,0,0,0.0,16,0,0,4
1538,446,7,20,0,0,0,0.0,16,0,0,0
1533,446,7,20,0,0,1,0.08,16,0,0,4
1532,446,7,20,0,0,1,0.08,16,0,0,0
1531,446,7,20,0,0,0,0.0,16,0,0,4
1530,446,7,20,0,0,0,0.0,16,0,0,0
1414,410,3,20,0,82,68,2.46,1453,19,42,50
1409,263,31,20,5,38,75,5.04,826,33,21,38
1371,537,19,20,3,94,92,2.94,1714,29,43,71
1272,247,26,20,0,0,5,0.66,340,1,2,4
866,482,4,20,2,11,25,1.3,763,9,9,20
820,673,6,20,0,0,1,0.31,559,1,2,1
819,673,6,20,0,0,1,0.31,559,1,2,4
818,673,6,20,0,0,2,0.15,559,1,2,1
817,673,6,20,0,0,2,0.15,559,1,2,4
812,673,6,20,0,0,1,0.31,559,1,2,1
811,673,6,20,0,0,1,0.31,559,1,2,4
810,673,6,20,0,0,2,0.15,559,1,2,1
809,673,6,20,0,0,2,0.15,559,1,2,4
733,142,11,20,0,1,0,0.0,22,2,0,0
463,386,46,20,2,52,74,4.9,851,13,29,32
462,386,46,20,2,52,74,4.9,851,13,29,10
461,386,46,20,2,52,34,3.9,851,13,29,32
460,386,46,20,2,52,34,3.9,851,13,29,10
455,386,46,20,1,52,74,4.9,851,13,29,32
454,386,46,20,1,52,74,4.9,851,13,29,10
453,386,46,20,1,52,34,3.9,851,13,29,32
452,386,46,20,1,52,34,3.9,851,13,29,10
338,325,10,20,3,3,54,3.09,36,2,1,25
337,325,10,20,3,3,54,3.09,36,2,1,25
336,325,10,20,3,3,54,3.09,36,2,1,2
335,325,10,20,3,3,54,3.09,36,2,1,2
334,325,10,20,3,3,1,1.5,36,2,1,25
333,325,10,20,3,3,1,1.5,36,2,1,25
332,325,10,20,3,3,1,1.5,36,2,1,2
331,325,10,20,3,3,1,1.5,36,2,1,2
322,325,10,20,0,3,54,3.09,36,2,1,25
321,325,10,20,0,3,54,3.09,36,2,1,25
320,325,10,20,0,3,54,3.09,36,2,1,2
319,325,10,20,0,3,54,3.09,36,2,1,2
318,325,10,20,0,3,1,1.5,36,2,1,25
317,325,10,20,0,3,1,1.5,36,2,1,25
316,325,10,20,0,3,1,1.5,36,2,1,2
315,325,10,20,0,3,1,1.5,36,2,1,2
310,607,24,20,0,6,30,0.87,1625,3,2,25
202,511,39,20,1,24,28,1.55,916,13,10,23
199,653,14,20,1,63,59,3.78,779,33,30,19
104,282,8,20,3,45,66,4.91,660,22,27,23
48,566,7,20,0,0,1,0.03,557,0,0,6
37,243,21,20,1,44,72,2.23,1632,32,42,25
1594,503,100,21,1,1,5,0.28,456,1,3,12
1410,537,14,21,2,117,68,1.94,1682,99,108,112
1382,47,15,21,1,5,9,0.52,457,7,7,0
1346,372,2,21,3,49,60,1.75,1347,42,44,44
1163,262,11,21,1,0,24,1.67,3,0,0,16
1162,262,11,21,1,0,24,1.67,3,0,0,0
1161,262,11,21,1,0,1,15.0,3,0,0,16
1160,262,11,21,1,0,1,15.0,3,0,0,0
1155,262,11,21,0,0,24,1.67,3,0,0,16
1154,262,11,21,0,0,24,1.67,3,0,0,0
1153,262,11,21,0,0,1,15.0,3,0,0,16
1152,262,11,21,0,0,1,15.0,3,0,0,0
1151,338,16,21,3,262,106,2.91,1956,123,172,147
1150,57,8,21,1,51,23,1.6,547,28,36,35
1106,80,7,21,0,0,3,0.09,425,0,0,5
1105,360,10,21,1,25,39,2.78,724,44,30,25
832,374,21,21,1,35,16,0.57,861,38,22,30
801,393,47,21,0,19,8,0.3,799,12,20,27
775,88,30,21,0,6,1,0.1,388,3,2,2
564,500,19,21,0,1,5,2.31,86,1,5,2
267,658,67,21,1,23,13,1.13,402,21,31,14
1616,406,14,22,3,65,59,2.83,1023,36,50,56
1589,139,35,22,0,5,0,0.0,254,1,0,2
1588,139,35,22,0,5,0,0.0,254,1,0,7
1587,139,35,22,0,5,6,0.67,254,1,0,2
1586,139,35,22,0,5,6,0.67,254,1,0,7
1581,139,35,22,0,5,0,0.0,254,1,0,2
1580,139,35,22,0,5,0,0.0,254,1,0,7
1579,139,35,22,0,5,6,0.67,254,1,0,2
1578,139,35,22,0,5,6,0.67,254,1,0,7
1298,483,70,22,2,59,68,2.89,995,51,30,58
1283,389,6,22,0,6,18,0.62,833,6,2,28
1196,121,84,22,0,40,21,0.95,818,15,23,25
962,271,7,22,0,0,4,0.11,347,0,1,4
728,68,25,22,3,34,37,1.37,875,18,17,24
645,446,32,22,0,27,17,1.55,440,15,6,12
606,552,10,22,2,57,61,2.57,980,35,50,31
596,83,77,22,7,85,134,3.82,1939,55,48,63
414,446,6,22,1,9,11,0.42,757,5,5,14
293,446,2,22,1,22,19,1.38,555,16,16,35
272,58,19,22,2,39,23,1.12,700,20,9,19
58,80,10,22,1,26,41,1.63,1022,63,26,36
1724,146,53,23,0,52,8,1.77,775,47,27,7
1723,146,53,23,0,52,8,1.77,775,47,27,34
1722,146,53,23,0,52,43,2.0,775,47,27,7
1721,146,53,23,0,52,43,2.0,775,47,27,34
1716,146,53,23,1,52,8,1.77,775,47,27,7
1715,146,53,23,1,52,8,1.77,775,47,27,34
1714,146,53,23,1,52,43,2.0,775,47,27,7
1713,146,53,23,1,52,43,2.0,775,47,27,34
1649,18,120,23,2,52,52,2.42,716,37,39,37
1648,18,120,23,2,52,52,2.42,716,37,39,0
1647,18,120,23,2,52,0,0.0,716,37,39,37
1646,18,120,23,2,52,0,0.0,716,37,39,0
1641,18,120,23,0,52,52,2.42,716,37,39,37
1640,18,120,23,0,52,52,2.42,716,37,39,0
1639,18,120,23,0,52,0,0.0,716,37,39,37
1638,18,120,23,0,52,0,0.0,716,37,39,0
1032,17,14,23,0,57,32,2.36,501,22,32,14
864,602,10,23,2,8,29,2.15,593,42,11,26
32,562,10,23,2,35,24,1.56,744,42,26,22
31,562,10,23,2,35,24,1.56,744,42,26,13
30,562,10,23,2,35,6,0.68,744,42,26,22
29,562,10,23,2,35,6,0.68,744,42,26,13
24,562,10,23,0,35,24,1.56,744,42,26,22
23,562,10,23,0,35,24,1.56,744,42,26,13
22,562,10,23,0,35,6,0.68,744,42,26,22
21,562,10,23,0,35,6,0.68,744,42,26,13
1337,362,6,24,0,1,0,0.0,32,0,1,2
1336,362,6,24,0,1,0,0.0,32,0,1,1
1335,362,6,24,0,1,1,0.62,32,0,1,2
1334,362,6,24,0,1,1,0.62,32,0,1,1
1329,362,6,24,0,1,0,0.0,32,0,1,2
1328,362,6,24,0,1,0,0.0,32,0,1,1
1327,362,6,24,0,1,1,0.62,32,0,1,2
1326,362,6,24,0,1,1,0.62,32,0,1,1
69,251,34,24,7,49,117,3.49,1112,34,38,66
1613,592,10,25,1,62,74,5.29,858,39,57,38
1570,582,14,25,2,6,12,5.68,148,8,9,7
1569,582,14,25,2,6,12,5.68,148,8,9,16
1568,582,14,25,2,6,81,5.38,148,8,9,7
1567,582,14,25,2,6,81,5.38,148,8,9,16
1562,582,14,25,2,6,12,5.68,148,8,9,7
1561,582,14,25,2,6,12,5.68,148,8,9,16
1560,582,14,25,2,6,81,5.38,148,8,9,7
1559,582,14,25,2,6,81,5.38,148,8,9,16
1546,195,11,25,0,0,0,0.0,14,0,0,0
1499,106,59,25,0,1,5,0.83,224,0,2,1
1498,106,59,25,0,1,5,0.83,224,0,2,5
1497,106,59,25,0,1,12,0.82,224,0,2,1
1496,106,59,25,0,1,12,0.82,224,0,2,5
1491,106,59,25,1,1,5,0.83,224,0,2,1
1490,106,59,25,1,1,5,0.83,224,0,2,5
1489,106,59,25,1,1,12,0.82,224,0,2,1
1488,106,59,25,1,1,12,0.82,224,0,2,5
1369,206,10,25,6,59,74,3.29,1244,86,67,53
1278,78,35,25,6,21,41,1.41,1333,5,18,24
1246,182,10,25,1,5,6,6.59,62,4,5,4
1115,492,6,25,1,2,3,0.28,297,2,3,8
1114,492,6,25,"",2,3,0.28,297,2,3,8
935,444,86,25,2,37,65,2.5,1439,24,22,39
889,439,11,25,0,0,1,90.0,2,0,0,0
873,170,6,25,1,6,16,0.58,913,12,8,22
835,179,3,25,0,7,10,4.27,177,0,2,2
824,673,6,25,0,1,1,0.31,106,0,0,1
823,673,6,25,0,1,1,0.31,106,0,0,4
822,673,6,25,0,1,2,0.15,106,0,0,1
821,673,6,25,0,1,2,0.15,106,0,0,4
816,673,6,25,0,1,1,0.31,106,0,0,1
815,673,6,25,0,1,1,0.31,106,0,0,4
814,673,6,25,0,1,2,0.15,106,0,0,1
813,673,6,25,0,1,2,0.15,106,0,0,4
650,451,23,25,1,17,26,0.84,1448,13,8,41
417,450,79,25,3,82,115,6.74,1110,43,45,61
298,370,47,25,4,25,91,3.48,1344,26,20,22
249,461,65,25,7,46,71,2.44,1392,32,17,43
235,319,60,25,5,19,64,2.12,1709,9,19,23
154,619,26,25,0,4,2,0.64,140,2,7,5
151,492,10,25,0,0,1,5.29,15,0,0,1
142,65,47,25,2,25,45,2.29,994,19,9,10
1677,584,3,26,6,29,112,3.24,1512,15,20,33
1372,26,25,26,3,53,63,2.0,1542,45,23,22
1356,273,26,26,0,1,0,0.0,77,0,0,0
1266,68,6,26,0,1,1,0.14,90,1,1,1
1265,68,6,26,0,1,1,0.14,90,1,1,1
1264,68,6,26,0,1,0,0.0,90,1,1,1
1263,68,6,26,0,1,0,0.0,90,1,1,1
1258,68,6,26,0,1,1,0.14,90,1,1,1
1257,68,6,26,0,1,1,0.14,90,1,1,1
1256,68,6,26,0,1,0,0.0,90,1,1,1
1255,68,6,26,0,1,0,0.0,90,1,1,1
1194,63,10,26,6,110,87,2.42,1838,97,88,44
1025,603,10,26,1,9,18,1.93,173,10,9,13
1024,603,10,26,1,9,18,1.93,173,10,9,10
1023,603,10,26,1,9,2,0.61,173,10,9,13
1022,603,10,26,1,9,2,0.61,173,10,9,10
1017,603,10,26,0,9,18,1.93,173,10,9,13
1016,603,10,26,0,9,18,1.93,173,10,9,10
1015,603,10,26,0,9,2,0.61,173,10,9,13
1014,603,10,26,0,9,2,0.61,173,10,9,10
996,355,6,26,1,12,8,0.36,747,4,7,10
960,220,72,26,1,9,24,0.8,1201,6,8,24
944,309,94,26,9,211,99,3.42,1394,82,90,101
730,331,16,26,0,13,11,3.43,159,3,8,9
692,637,7,26,0,0,4,0.11,238,0,0,7
553,387,85,26,0,21,19,0.61,1186,23,16,13
367,423,77,26,2,32,64,1.88,1569,11,11,19
266,324,11,26,0,5,3,2.09,99,7,1,4
229,577,58,26,0,6,13,0.34,1357,3,2,6
135,315,14,26,1,133,91,3.59,1293,65,72,74
1478,237,14,27,8,150,139,4.27,1588,104,89,43
897,354,15,27,1,30,39,1.31,1101,9,16,50
642,511,3,27,1,9,10,1.4,240,9,5,12
555,580,3,27,3,62,47,2.19,891,57,25,56
534,487,14,27,0,22,29,4.43,266,14,13,17
533,487,14,27,0,22,29,4.43,266,14,13,13
532,487,14,27,0,22,29,3.91,266,14,13,17
531,487,14,27,0,22,29,3.91,266,14,13,13
526,487,14,27,0,22,29,4.43,266,14,13,17
525,487,14,27,0,22,29,4.43,266,14,13,13
524,487,14,27,0,22,29,3.91,266,14,13,17
523,487,14,27,0,22,29,3.91,266,14,13,13
131,155,24,27,2,23,47,1.62,998,16,10,41
121,460,4,27,0,18,15,1.42,382,9,10,18
120,460,4,27,0,18,15,1.42,382,9,10,0
119,460,4,27,0,18,3,3.38,382,9,10,18
118,460,4,27,0,18,3,3.38,382,9,10,0
113,460,4,27,0,18,15,1.42,382,9,10,18
112,460,4,27,0,18,15,1.42,382,9,10,0
111,460,4,27,0,18,3,3.38,382,9,10,18
110,460,4,27,0,18,3,3.38,382,9,10,0
1526,468,9,28,7,39,103,3.71,1505,35,37,45
1448,90,14,28,0,11,28,3.39,176,12,9,34
1447,90,14,28,0,11,28,3.39,176,12,9,7
1446,90,14,28,0,11,14,4.52,176,12,9,34
1445,90,14,28,0,11,14,4.52,176,12,9,7
1440,90,14,28,1,11,28,3.39,176,12,9,34
1439,90,14,28,1,11,28,3.39,176,12,9,7
1438,90,14,28,1,11,14,4.52,176,12,9,34
1437,90,14,28,1,11,14,4.52,176,12,9,7
1432,489,84,28,0,21,18,1.8,1003,17,18,16
1431,489,84,28,0,21,18,1.8,1003,17,18,18
1430,489,84,28,0,21,33,2.45,1003,17,18,16
1429,489,84,28,0,21,33,2.45,1003,17,18,18
1424,489,84,28,0,21,18,1.8,1003,17,18,16
1423,489,84,28,0,21,18,1.8,1003,17,18,18
1422,489,84,28,0,21,33,2.45,1003,17,18,16
1421,489,84,28,0,21,33,2.45,1003,17,18,18
1364,656,6,28,1,32,29,1.11,1597,11,21,12
1362,664,10,28,6,25,35,2.58,716,63,31,28
1297,506,61,28,1,23,37,1.26,1436,8,18,16
1253,234,108,28,6,51,52,2.21,1143,31,24,27
1224,468,14,28,0,1,2,3.1,41,3,1,2
1219,350,7,28,1,1,4,0.12,700,1,0,1
1204,254,77,28,2,12,20,2.67,467,6,8,2
1121,286,33,28,1,21,25,3.01,454,15,16,18
1113,328,15,28,1,27,37,1.87,1051,23,15,31
945,81,36,28,2,31,51,4.02,655,23,20,20
875,44,11,28,1,26,37,4.4,567,16,12,6
758,34,84,28,1,2,9,0.97,307,0,0,8
757,34,84,28,1,2,9,0.97,307,0,0,3
756,34,84,28,1,2,3,0.65,307,0,0,8
755,34,84,28,1,2,3,0.65,307,0,0,3
750,34,84,28,0,2,9,0.97,307,0,0,8
749,34,84,28,0,2,9,0.97,307,0,0,3
748,34,84,28,0,2,3,0.65,307,0,0,8
747,34,84,28,0,2,3,0.65,307,0,0,3
718,400,14,28,13,97,107,5.0,1016,50,37,49
716,630,14,28,0,16,13,3.79,178,13,7,4
591,88,35,28,0,5,3,0.47,270,2,2,5
569,447,10,28,2,41,37,2.57,656,52,22,20
568,447,10,28,"",41,37,2.57,656,52,22,20
423,509,53,28,8,110,117,3.77,1663,79,50,34
262,278,5,28,2,27,39,3.21,591,17,9,16
238,134,42,28,0,11,18,1.7,602,9,13,15
197,486,6,28,0,4,13,1.37,464,4,2,10
77,228,4,28,0,0,0,0.0,69,0,0,0
1575,426,34,29,1,25,29,1.27,756,17,12,14
1571,36,10,29,1,13,20,2.34,385,22,16,9
1524,140,30,29,1,6,14,0.57,852,4,3,10
1471,441,16,29,3,45,47,2.67,764,28,32,34
1370,223,33,29,4,77,82,4.42,984,42,59,18
1276,669,10,29,3,47,83,2.73,1581,73,63,42
1193,201,33,29,2,13,32,2.4,731,26,24,29
858,318,3,29,2,28,36,1.88,653,30,45,30
773,343,86,29,8,30,121,3.86,1151,22,28,76
619,327,6,29,0,8,14,0.79,702,2,6,5
599,125,4,29,0,11,15,1.63,361,10,10,20
420,431,32,29,1,80,36,1.91,692,29,27,20
153,519,19,29,1,13,15,3.55,132,5,7,4
105,572,5,29,1,71,48,1.83,850,33,45,30
1652,555,6,30,2,14,10,0.34,865,6,11,19
1552,391,10,30,2,5,12,1.27,303,18,11,13
1294,229,21,30,2,45,30,1.21,719,25,31,25
1290,312,6,30,0,19,16,0.86,564,6,12,26
1252,333,14,30,2,74,58,1.95,1573,127,82,49
973,298,2,30,1,14,32,2.09,558,18,19,29
869,73,5,30,2,39,35,2.11,407,9,7,20
800,379,5,30,0,6,7,0.73,312,2,4,23
799,379,5,30,0,6,7,0.73,312,2,4,17
798,379,5,30,0,6,16,1.61,312,2,4,23
797,379,5,30,0,6,16,1.61,312,2,4,17
792,379,5,30,0,6,7,0.73,312,2,4,23
791,379,5,30,0,6,7,0.73,312,2,4,17
790,379,5,30,0,6,16,1.61,312,2,4,23
789,379,5,30,0,6,16,1.61,312,2,4,17
768,558,9,30,2,93,80,2.38,1281,60,54,68
685,457,32,30,1,6,4,0.35,311,7,3,8
674,110,91,30,1,16,44,3.01,555,7,11,18
647,88,63,30,0,3,1,0.2,117,0,5,4
369,417,6,30,0,12,7,0.3,565,5,3,19
286,186,3,30,2,26,60,2.55,873,13,13,8
241,248,63,30,0,7,1,0.08,223,4,2,8
239,308,53,30,4,150,88,4.25,773,53,61,61
1381,246,114,31,8,53,88,2.91,1202,42,29,39
1366,95,19,31,5,108,76,2.3,1348,58,52,44
1103,164,11,31,1,17,10,2.88,158,12,11,5
937,246,11,31,0,16,22,1.32,493,10,10,7
838,403,26,31,0,11,7,1.34,158,2,4,3
563,403,16,31,2,44,98,4.03,1189,67,46,34
426,304,35,31,0,4,2,0.34,117,4,0,4
308,246,72,31,0,3,17,0.55,720,4,2,14
297,38,32,31,0,36,36,1.39,920,19,17,42
283,199,11,31,0,0,1,9.0,7,2,1,0
282,199,11,31,0,0,1,9.0,7,2,1,0
215,382,14,31,2,33,50,2.83,840,43,34,43
1614,427,51,32,0,44,27,1.49,546,29,26,15
1606,578,26,32,0,0,1,1.0,19,0,1,0
1605,578,26,32,0,0,1,1.0,19,0,1,0
1202,68,35,32,2,5,16,0.54,692,2,3,8
1167,262,11,32,1,29,24,1.67,512,23,12,16
1166,262,11,32,1,29,24,1.67,512,23,12,0
1165,262,11,32,1,29,1,15.0,512,23,12,16
1164,262,11,32,1,29,1,15.0,512,23,12,0
1159,262,11,32,0,29,24,1.67,512,23,12,16
1158,262,11,32,0,29,24,1.67,512,23,12,0
1157,262,11,32,0,29,1,15.0,512,23,12,16
1156,262,11,32,0,29,1,15.0,512,23,12,0
1123,116,16,32,0,17,13,1.35,328,21,19,19
942,518,10,32,0,4,2,1.87,64,0,2,2
836,265,61,32,0,21,6,0.28,525,19,14,37
806,588,26,32,0,0,0,0.0,40,1,1,7
597,509,10,32,2,25,60,1.94,1636,98,57,60
233,358,3,32,1,15,10,0.83,363,24,16,15
195,50,19,32,1,10,37,1.25,791,14,16,44
15,429,12,32,4,50,71,2.95,974,39,23,52
1600,604,10,33,1,18,33,1.68,1186,95,35,32
613,480,52,33,0,2,9,0.46,415,3,3,19
349,425,2,33,1,24,18,0.97,512,14,13,33
260,277,19,33,1,24,51,1.94,864,19,19,14
1655,547,14,34,2,27,25,2.03,657,44,29,23
1310,514,6,34,1,1,5,0.38,194,1,3,6
1309,514,6,34,1,1,5,0.38,194,1,3,3
1308,514,6,34,1,1,2,0.32,194,1,3,6
1307,514,6,34,1,1,2,0.32,194,1,3,3
1302,514,6,34,0,1,5,0.38,194,1,3,6
1301,514,6,34,0,1,5,0.38,194,1,3,3
1300,514,6,34,0,1,2,0.32,194,1,3,6
1299,514,6,34,0,1,2,0.32,194,1,3,3
1108,31,36,34,4,146,96,3.13,1430,56,58,37
933,273,32,34,0,24,7,0.9,303,5,9,23
932,273,32,34,0,24,7,0.9,303,5,9,7
931,273,32,34,0,24,6,2.24,303,5,9,23
930,273,32,34,0,24,6,2.24,303,5,9,7
925,273,32,34,0,24,7,0.9,303,5,9,23
924,273,32,34,0,24,7,0.9,303,5,9,7
923,273,32,34,0,24,6,2.24,303,5,9,23
922,273,32,34,0,24,6,2.24,303,5,9,7
914,667,40,34,3,53,50,2.62,732,37,29,22
617,529,6,34,3,12,16,0.59,862,8,7,17
432,349,3,34,0,16,33,1.6,768,9,8,20
352,326,6,34,1,2,13,0.38,966,5,1,13
278,639,62,34,3,22,106,2.79,1362,24,16,52
216,44,11,34,2,70,40,3.88,440,34,24,32
140,664,30,34,0,5,6,0.36,580,3,4,11
41,82,10,34,2,94,91,2.92,1256,70,53,32
3,381,5,34,1,26,62,2.04,1205,28,33,35
1690,202,14,35,0,8,3,1.08,169,9,9,5
1686,83,7,35,0,0,2,0.21,155,0,0,2
1685,83,7,35,0,0,2,0.21,155,0,0,2
1653,449,31,35,3,26,32,3.53,668,8,10,14
1615,73,77,35,0,78,46,1.41,1635,36,41,42
1529,35,8,35,10,99,120,3.76,1815,85,79,24
1500,479,30,35,1,5,24,0.63,2568,2,2,28
1470,629,26,35,0,13,4,1.57,168,3,0,2
1338,577,32,35,13,56,151,4.28,2363,36,22,10
1284,590,55,35,7,116,109,3.57,1843,85,72,70
1133,361,100,35,0,2,5,0.64,412,1,2,6
940,535,16,35,1,6,9,2.12,273,5,7,11
881,654,80,35,5,33,45,1.81,1674,17,11,15
727,666,88,35,3,12,34,1.47,1257,11,12,24
711,475,7,35,1,0,4,0.14,494,1,0,2
710,625,35,35,0,16,16,0.72,1578,10,2,17
602,502,8,35,0,4,4,1.95,119,3,5,4
468,577,11,35,0,4,3,2.14,124,3,3,2
436,632,33,35,8,97,97,2.92,1818,64,59,26
357,187,53,35,1,26,22,2.76,387,21,24,17
291,639,70,35,1,54,42,2.55,885,33,38,20
257,402,66,35,2,13,23,2.21,673,3,7,17
251,372,5,35,12,48,111,3.21,2438,39,20,21
1679,108,36,36,3,95,83,5.3,969,40,57,45
1602,139,59,36,0,5,27,1.03,1009,5,5,18
1601,223,77,36,0,26,44,2.5,801,14,16,22
1407,409,6,36,0,6,4,0.43,288,3,2,16
1129,412,53,36,6,93,107,3.65,1266,53,58,51
1029,603,10,36,1,13,18,1.93,417,33,11,13
1028,603,10,36,1,13,18,1.93,417,33,11,10
1027,603,10,36,1,13,2,0.61,417,33,11,13
1026,603,10,36,1,13,2,0.61,417,33,11,10
1021,603,10,36,0,13,18,1.93,417,33,11,13
1020,603,10,36,0,13,18,1.93,417,33,11,10
1019,603,10,36,0,13,2,0.61,417,33,11,13
1018,603,10,36,0,13,2,0.61,417,33,11,10
1012,52,26,36,0,4,4,0.59,266,4,3,5
1011,52,26,36,0,4,4,0.59,266,4,3,12
1010,52,26,36,0,4,18,1.21,266,4,3,5
1009,52,26,36,0,4,18,1.21,266,4,3,12
1004,52,26,36,1,4,4,0.59,266,4,3,5
1003,52,26,36,1,4,4,0.59,266,4,3,12
1002,52,26,36,1,4,18,1.21,266,4,3,5
1001,52,26,36,1,4,18,1.21,266,4,3,12
917,222,39,36,1,12,16,1.68,391,1,6,12
885,366,10,36,0,21,23,4.03,300,14,11,29
828,643,6,36,1,3,20,0.64,905,3,5,23
490,485,2,36,1,39,20,2.03,434,12,19,14
489,485,2,36,1,39,20,2.03,434,12,19,14
488,485,2,36,1,39,27,2.88,434,12,19,14
487,485,2,36,1,39,27,2.88,434,12,19,14
482,485,2,36,5,39,20,2.03,434,12,19,14
481,485,2,36,5,39,20,2.03,434,12,19,14
480,485,2,36,5,39,27,2.88,434,12,19,14
479,485,2,36,5,39,27,2.88,434,12,19,14
410,166,11,36,0,2,6,8.44,40,0,2,1
409,166,11,36,0,2,6,8.44,40,0,2,12
408,166,11,36,0,2,31,4.19,40,0,2,1
407,166,11,36,0,2,31,4.19,40,0,2,12
402,166,11,36,1,2,6,8.44,40,0,2,1
401,166,11,36,1,2,6,8.44,40,0,2,12
400,166,11,36,1,2,31,4.19,40,0,2,1
399,166,11,36,1,2,31,4.19,40,0,2,12
393,84,21,36,6,20,123,3.75,1215,19,27,36
39,306,22,36,2,135,98,3.3,1319,66,71,93
0,272,0,36,1,13,27,2.48,371,9,11,7
1517,345,3,37,0,9,26,1.69,607,4,3,30
1516,345,3,37,0,9,26,1.69,607,4,3,17
1515,345,3,37,0,9,16,1.91,607,4,3,30
1514,345,3,37,0,9,16,1.91,607,4,3,17
1509,345,3,37,0,9,26,1.69,607,4,3,30
1508,345,3,37,0,9,26,1.69,607,4,3,17
1507,345,3,37,0,9,16,1.91,607,4,3,30
1506,345,3,37,0,9,16,1.91,607,4,3,17
1436,489,84,37,0,4,18,1.8,717,4,10,16
1435,489,84,37,0,4,18,1.8,717,4,10,18
1434,489,84,37,0,4,33,2.45,717,4,10,16
1433,489,84,37,0,4,33,2.45,717,4,10,18
1428,489,84,37,0,4,18,1.8,717,4,10,16
1427,489,84,37,0,4,18,1.8,717,4,10,18
1426,489,84,37,0,4,33,2.45,717,4,10,16
1425,489,84,37,0,4,33,2.45,717,4,10,18
1413,276,30,37,0,18,21,0.9,1386,5,8,17
1376,308,93,37,0,9,3,1.05,140,2,2,4
1319,494,111,37,1,29,41,2.88,781,14,18,26
1285,561,35,37,0,2,5,0.21,1220,5,2,16
1280,497,19,37,1,5,14,3.35,247,4,1,6
1056,235,8,37,1,44,47,4.13,571,31,25,42
939,367,30,37,0,0,5,0.85,318,0,3,2
784,214,53,37,7,48,97,5.17,911,19,13,30
742,564,7,37,0,0,2,0.12,248,0,1,7
687,495,94,37,7,25,98,4.06,1323,17,14,46
585,487,33,37,0,24,21,7.3,423,13,17,9
584,487,33,37,0,24,21,7.3,423,13,17,21
583,487,33,37,0,24,39,4.72,423,13,17,9
582,487,33,37,0,24,39,4.72,423,13,17,21
577,487,33,37,2,24,21,7.3,423,13,17,9
576,487,33,37,2,24,21,7.3,423,13,17,21
575,487,33,37,2,24,39,4.72,423,13,17,9
574,487,33,37,2,24,39,4.72,423,13,17,21
255,460,55,37,6,114,151,4.84,2031,66,52,30
253,466,32,37,2,23,36,2.19,1038,6,9,20
211,635,39,37,3,41,62,1.88,1946,28,20,58
208,185,55,37,0,8,10,5.11,132,4,3,6
60,672,5,37,2,38,76,3.48,1675,13,14,59
1249,246,36,38,2,93,76,2.87,1240,41,46,68
1223,546,35,38,0,7,5,0.29,536,6,4,13
1190,45,79,38,1,16,45,1.41,1409,68,29,63
1189,45,79,38,1,16,45,1.41,1409,68,29,63
1130,388,22,38,1,14,19,1.35,450,11,10,10
777,76,3,38,4,23,48,2.42,997,13,25,24
615,76,33,38,1,84,81,2.48,1513,92,71,53
571,388,7,38,0,1,4,0.12,481,0,0,5
547,76,56,38,1,37,14,2.02,304,15,13,3
541,100,10,38,0,11,3,0.51,297,19,10,12
350,70,30,38,1,11,24,0.73,1089,2,7,42
289,546,25,38,4,76,48,1.5,1142,28,43,15
213,620,3,38,1,11,25,0.74,1066,10,19,43
196,620,19,38,0,2,2,0.32,159,3,2,3
1735,273,77,39,3,41,73,2.46,1324,31,30,37
1251,649,32,39,3,29,47,1.89,800,20,16,22
1111,630,53,39,3,107,59,3.0,1134,71,49,41
1060,1,6,39,1,5,9,0.29,625,3,5,12
763,6,8,39,1,16,35,3.18,572,24,18,13
741,408,33,39,5,39,48,1.99,1055,22,38,22
693,392,46,39,4,33,28,2.75,352,17,22,23
678,434,6,39,0,3,10,0.32,646,6,2,13
542,179,5,39,1,39,10,0.96,463,9,23,9
467,577,5,39,0,38,46,1.52,1139,9,13,22
221,508,38,39,2,42,58,3.79,858,26,24,29
150,273,42,39,3,53,47,1.24,1351,19,28,21
860,438,10,40,2,38,46,1.5,1329,83,49,70
129,371,14,40,4,120,91,3.54,1060,61,75,78
1689,421,26,41,0,0,2,0.49,127,0,1,3
1367,11,11,41,1,2,9,1.73,183,5,4,3
1365,409,10,41,0,0,1,2.0,29,4,0,1
891,241,98,41,3,80,86,2.67,1415,40,56,56
870,452,4,41,1,16,27,1.81,697,9,11,16
737,111,33,41,4,56,74,2.11,1375,76,57,88
723,139,33,41,0,6,6,1.55,159,2,7,5
720,533,6,41,0,2,6,0.43,379,3,3,11
299,487,26,41,5,50,48,2.26,856,20,31,23
275,21,10,41,3,64,43,1.32,1337,91,71,54
274,21,10,41,"",64,43,1.32,1337,91,71,54
204,472,35,41,0,10,5,0.39,468,1,3,3
1621,23,19,42,3,31,102,3.36,1449,17,19,31
1465,631,33,42,0,41,6,4.82,789,29,29,2
1464,631,33,42,0,41,6,4.82,789,29,29,30
1463,631,33,42,0,41,70,4.12,789,29,29,2
1462,631,33,42,0,41,70,4.12,789,29,29,30
1457,631,33,42,5,41,6,4.82,789,29,29,2
1456,631,33,42,5,41,6,4.82,789,29,29,30
1455,631,33,42,5,41,70,4.12,789,29,29,2
1454,631,33,42,5,41,70,4.12,789,29,29,30
1245,449,3,42,1,10,34,2.02,834,3,4,19
1222,147,11,42,0,7,8,2.41,144,4,4,8
1198,14,6,42,2,9,24,0.84,1150,5,3,10
1119,487,26,42,0,0,1,1.53,17,1,0,1
1094,190,14,42,2,23,15,2.84,283,12,10,4
1093,190,14,42,2,23,15,2.84,283,12,10,11
1092,190,14,42,2,23,29,4.61,283,12,10,4
1091,190,14,42,2,23,29,4.61,283,12,10,11
1086,190,14,42,3,23,15,2.84,283,12,10,4
1085,190,14,42,3,23,15,2.84,283,12,10,11
1084,190,14,42,3,23,29,4.61,283,12,10,4
1083,190,14,42,3,23,29,4.61,283,12,10,11
936,242,14,42,2,98,65,3.89,764,47,55,44
778,51,38,42,1,17,22,3.85,326,9,11,13
732,62,25,42,1,26,10,1.99,231,4,5,2
688,397,24,42,0,0,0,0.0,55,0,1,1
554,628,35,42,0,14,24,0.79,1410,10,10,28
437,612,14,42,1,52,53,3.15,674,28,22,37
425,487,31,42,9,58,135,5.79,1314,59,28,38
424,341,3,42,0,27,73,2.5,1421,14,18,19
259,566,7,42,0,1,0,0.0,86,0,0,0
201,358,7,42,0,0,2,0.06,526,1,0,2
137,302,46,42,0,41,48,4.95,449,20,17,16
128,184,42,42,3,17,42,2.34,985,11,16,9
1731,544,86,43,0,7,9,0.98,504,3,6,12
1702,140,4,43,0,11,11,1.67,405,4,5,5
1549,636,39,43,10,117,81,2.69,2341,53,57,56
1418,273,33,43,16,164,125,4.92,1946,61,51,22
1416,554,3,43,1,17,15,2.42,522,9,11,8
1078,80,10,43,1,7,14,2.38,231,13,8,3
1077,80,10,43,1,7,14,2.38,231,13,8,12
1076,80,10,43,1,7,16,1.56,231,13,8,3
1075,80,10,43,1,7,16,1.56,231,13,8,12
1070,80,10,43,1,7,14,2.38,231,13,8,3
1069,80,10,43,1,7,14,2.38,231,13,8,12
1068,80,10,43,1,7,16,1.56,231,13,8,3
1067,80,10,43,1,7,16,1.56,231,13,8,12
1053,419,84,43,0,25,14,1.32,684,5,16,17
1052,419,84,43,0,25,14,1.32,684,5,16,5
1051,419,84,43,0,25,7,2.22,684,5,16,17
1050,419,84,43,0,25,7,2.22,684,5,16,5
1045,419,84,43,0,25,14,1.32,684,5,16,17
1044,419,84,43,0,25,14,1.32,684,5,16,5
1043,419,84,43,0,25,7,2.22,684,5,16,17
1042,419,84,43,0,25,7,2.22,684,5,16,5
1013,171,30,43,1,6,11,1.01,695,1,3,3
968,209,36,43,7,90,77,3.15,1855,64,48,28
783,227,23,43,1,12,10,0.39,1683,10,6,22
573,148,3,43,5,27,29,1.16,1668,11,29,45
470,96,16,43,13,97,104,3.93,1502,53,49,44
284,647,16,43,5,53,53,3.19,978,37,34,19
252,210,7,43,0,0,0,0.0,53,0,0,1
192,402,10,43,2,27,25,2.12,467,32,13,8
36,611,6,43,3,10,22,0.77,1818,7,9,11
14,587,17,43,2,76,66,2.54,1884,28,32,21
1650,118,3,44,3,47,48,1.6,1073,23,34,59
1608,174,2,44,2,20,29,2.04,533,14,19,18
1576,487,47,44,0,14,34,1.36,885,24,17,16
1420,246,53,44,2,108,77,3.8,1043,37,57,45
1378,517,10,44,3,78,100,2.99,1513,86,80,120
1215,382,17,44,4,84,58,2.95,749,26,35,33
1195,652,6,44,0,16,7,0.54,508,4,3,14
894,101,7,44,0,0,0,0.0,35,0,0,0
890,359,10,44,1,24,24,1.32,766,75,39,37
883,135,6,44,0,11,9,0.3,829,6,8,28
880,525,6,44,0,8,3,0.32,293,3,5,2
805,243,4,44,0,4,5,3.41,66,0,3,3
782,460,35,44,0,14,33,1.11,1058,7,14,36
214,381,56,44,2,94,46,1.99,937,20,27,45
11,314,14,44,"",80,85,3.69,968,36,47,52
10,314,14,44,6,80,85,3.69,968,36,47,52
1599,346,10,45,0,3,2,7.2,20,0,1,1
1344,347,53,45,0,19,9,0.99,354,22,19,11
387,572,39,45,0,2,11,0.88,13,1,1,19
386,572,39,45,0,2,11,0.88,13,1,1,1
385,572,39,45,0,2,1,1.53,13,1,1,19
384,572,39,45,0,2,1,1.53,13,1,1,1
379,572,39,45,0,2,11,0.88,13,1,1,19
378,572,39,45,0,2,11,0.88,13,1,1,1
377,572,39,45,0,2,1,1.53,13,1,1,19
376,572,39,45,0,2,1,1.53,13,1,1,1
294,203,53,45,5,108,93,3.99,1107,53,50,29
1503,93,3,46,3,21,57,2.65,1038,13,13,27
1348,575,112,46,0,7,9,1.59,213,8,8,5
1291,0,32,46,3,26,30,1.81,545,11,18,7
1187,419,25,46,1,10,23,1.7,499,13,8,12
1059,673,7,46,0,0,0,0.0,187,0,0,1
947,311,58,46,0,4,23,1.05,986,3,13,30
892,548,10,46,3,47,40,2.81,736,59,39,26
762,34,84,46,1,3,9,0.97,416,1,5,8
761,34,84,46,1,3,9,0.97,416,1,5,3
760,34,84,46,1,3,3,0.65,416,1,5,8
759,34,84,46,1,3,3,0.65,416,1,5,3
754,34,84,46,0,3,9,0.97,416,1,5,8
753,34,84,46,0,3,9,0.97,416,1,5,3
752,34,84,46,0,3,3,0.65,416,1,5,8
751,34,84,46,0,3,3,0.65,416,1,5,3
572,513,47,46,4,40,40,2.59,582,12,15,6
442,451,3,46,3,25,45,2.32,852,25,20,47
346,325,10,46,3,35,54,3.09,974,53,40,25
345,325,10,46,3,35,54,3.09,974,53,40,25
344,325,10,46,3,35,54,3.09,974,53,40,2
343,325,10,46,3,35,54,3.09,974,53,40,2
342,325,10,46,3,35,1,1.5,974,53,40,25
341,325,10,46,3,35,1,1.5,974,53,40,25
340,325,10,46,3,35,1,1.5,974,53,40,2
339,325,10,46,3,35,1,1.5,974,53,40,2
330,325,10,46,0,35,54,3.09,974,53,40,25
329,325,10,46,0,35,54,3.09,974,53,40,25
328,325,10,46,0,35,54,3.09,974,53,40,2
327,325,10,46,0,35,54,3.09,974,53,40,2
326,325,10,46,0,35,1,1.5,974,53,40,25
325,325,10,46,0,35,1,1.5,974,53,40,25
324,325,10,46,0,35,1,1.5,974,53,40,2
323,325,10,46,0,35,1,1.5,974,53,40,2
123,491,33,46,4,56,87,3.98,1007,39,54,41
72,2,34,46,3,32,40,2.49,732,15,15,19
70,55,3,46,0,4,5,1.36,119,4,0,9
42,565,23,46,1,22,28,0.93,1197,21,10,33
1674,518,77,47,2,33,57,2.15,942,12,29,61
1624,566,10,47,3,29,77,3.05,1014,58,26,36
1408,638,4,47,1,35,51,2.48,744,24,25,31
1360,189,0,47,1,12,37,1.79,730,18,13,9
1359,194,19,47,0,44,42,1.67,779,15,16,23
1355,272,32,47,0,9,5,0.45,280,3,5,12
1351,458,86,47,3,50,64,2.85,773,36,34,38
1314,514,6,47,1,3,5,0.38,420,0,1,6
1313,514,6,47,1,3,5,0.38,420,0,1,3
1312,514,6,47,1,3,2,0.32,420,0,1,6
1311,514,6,47,1,3,2,0.32,420,0,1,3
1306,514,6,47,0,3,5,0.38,420,0,1,6
1305,514,6,47,0,3,5,0.38,420,0,1,3
1304,514,6,47,0,3,2,0.32,420,0,1,6
1303,514,6,47,0,3,2,0.32,420,0,1,3
1247,174,10,47,0,18,29,3.51,408,21,15,36
1145,499,6,47,0,4,2,0.12,186,0,5,22
1144,499,6,47,0,4,2,0.12,186,0,5,9
1143,499,6,47,0,4,5,0.68,186,0,5,22
1142,499,6,47,0,4,5,0.68,186,0,5,9
1137,499,6,47,0,4,2,0.12,186,0,5,22
1136,499,6,47,0,4,2,0.12,186,0,5,9
1135,499,6,47,0,4,5,0.68,186,0,5,22
1134,499,6,47,0,4,5,0.68,186,0,5,9
1122,356,30,47,0,4,1,0.16,173,3,1,6
1055,189,11,47,0,3,5,5.92,38,1,1,0
957,487,7,47,0,0,0,0.0,21,0,0,0
863,517,10,47,1,39,80,3.54,981,36,30,41
831,132,35,47,"",6,1,0.13,286,4,2,11
830,132,35,47,0,6,1,0.13,286,4,2,11
825,582,30,47,1,6,23,0.75,959,6,4,17
530,487,14,47,0,25,29,4.43,364,22,28,17
529,487,14,47,0,25,29,4.43,364,22,28,13
528,487,14,47,0,25,29,3.91,364,22,28,17
527,487,14,47,0,25,29,3.91,364,22,28,13
522,487,14,47,0,25,29,4.43,364,22,28,17
521,487,14,47,0,25,29,4.43,364,22,28,13
520,487,14,47,0,25,29,3.91,364,22,28,17
519,487,14,47,0,25,29,3.91,364,22,28,13
305,142,19,47,2,30,40,3.17,635,8,16,5
188,447,51,47,4,26,67,2.88,845,22,18,20
1696,614,25,48,3,32,52,1.68,1342,20,13,9
1528,543,6,48,0,6,16,0.65,1037,2,1,9
1286,460,3,48,2,30,69,3.03,905,20,19,25
1131,103,10,48,1,16,34,2.45,647,27,18,31
966,536,7,48,0,1,3,0.08,416,3,0,3
827,553,3,48,0,42,42,2.29,818,11,19,30
803,612,45,48,1,7,8,1.21,252,6,5,2
724,107,23,48,0,4,11,0.38,808,2,3,10
594,533,10,48,2,74,68,2.53,1286,73,76,71
220,522,3,48,0,18,23,1.82,602,16,16,19
144,522,35,48,1,6,10,0.41,835,11,7,27
134,207,45,48,1,88,72,2.64,916,35,34,19
133,207,45,48,"",88,72,2.64,916,35,34,19
127,245,41,48,6,96,141,4.5,1808,49,58,79
117,460,4,48,0,1,15,1.42,37,1,1,18
116,460,4,48,0,1,15,1.42,37,1,1,0
115,460,4,48,0,1,3,3.38,37,1,1,18
114,460,4,48,0,1,3,3.38,37,1,1,0
109,460,4,48,0,1,15,1.42,37,1,1,18
108,460,4,48,0,1,15,1.42,37,1,1,0
107,460,4,48,0,1,3,3.38,37,1,1,18
106,460,4,48,0,1,3,3.38,37,1,1,0
50,53,10,48,1,40,54,1.89,1029,83,30,37
1683,626,61,49,0,9,21,1.13,994,2,4,10
1211,487,3,49,0,6,28,4.26,354,4,3,3
1209,165,6,49,2,17,27,0.77,1641,8,7,41
882,95,53,49,2,23,42,2.69,665,38,25,29
872,282,10,49,0,0,0,0.0,2,0,1,0
491,579,82,49,15,105,205,5.93,2150,49,62,48
443,601,3,49,1,12,37,1.84,872,7,14,23
374,418,33,49,2,82,110,4.95,1129,52,40,54
361,527,10,49,9,65,113,3.21,1619,83,54,47
124,212,6,49,1,10,15,0.67,986,9,10,18
46,623,6,49,0,2,1,0.27,170,0,1,0
8,618,12,49,3,73,60,2.12,1018,31,27,48
1704,127,123,50,"",56,33,2.11,708,33,27,21
1703,127,123,50,3,56,33,2.11,708,33,27,21
1691,645,30,50,1,16,11,0.68,672,8,8,9
1687,484,19,50,5,8,36,2.32,471,12,11,17
1522,530,3,50,1,10,4,0.57,214,9,2,5
1452,90,14,50,0,43,28,3.39,303,17,24,34
1451,90,14,50,0,43,28,3.39,303,17,24,7
1450,90,14,50,0,43,14,4.52,303,17,24,34
1449,90,14,50,0,43,14,4.52,303,17,24,7
1444,90,14,50,1,43,28,3.39,303,17,24,34
1443,90,14,50,1,43,28,3.39,303,17,24,7
1442,90,14,50,1,43,14,4.52,303,17,24,34
1441,90,14,50,1,43,14,4.52,303,17,24,7
1109,476,11,50,0,7,19,3.2,296,8,10,4
1102,496,100,50,0,8,11,0.57,699,3,4,9
877,261,4,50,2,34,25,1.2,563,14,17,26
779,140,4,50,3,29,35,1.67,884,24,22,26
717,342,59,50,1,12,6,0.22,1143,8,3,7
709,424,33,50,1,22,17,3.42,209,11,10,11
708,424,33,50,1,22,17,3.42,209,11,10,13
707,424,33,50,1,22,26,3.23,209,11,10,11
706,424,33,50,1,22,26,3.23,209,11,10,13
701,424,33,50,0,22,17,3.42,209,11,10,11
700,424,33,50,0,22,17,3.42,209,11,10,13
699,424,33,50,0,22,26,3.23,209,11,10,11
698,424,33,50,0,22,26,3.23,209,11,10,13
665,305,4,50,1,13,16,2.15,134,6,5,18
664,305,4,50,1,13,16,2.15,134,6,5,3
663,305,4,50,1,13,1,0.29,134,6,5,18
662,305,4,50,1,13,1,0.29,134,6,5,3
657,305,4,50,0,13,16,2.15,134,6,5,18
656,305,4,50,0,13,16,2.15,134,6,5,3
655,305,4,50,0,13,1,0.29,134,6,5,18
654,305,4,50,0,13,1,0.29,134,6,5,3
270,294,30,50,0,7,7,0.5,564,3,4,10
205,293,11,50,0,3,0,0.0,11,1,0,0
99,239,10,50,1,14,18,1.69,554,38,18,23
98,239,10,50,1,14,18,1.69,554,38,18,5
97,239,10,50,1,14,8,1.56,554,38,18,23
96,239,10,50,1,14,8,1.56,554,38,18,5
91,239,10,50,0,14,18,1.69,554,38,18,23
90,239,10,50,0,14,18,1.69,554,38,18,5
89,239,10,50,0,14,8,1.56,554,38,18,23
88,239,10,50,0,14,8,1.56,554,38,18,5
64,455,8,50,6,82,66,2.92,955,60,54,30
1673,500,4,51,1,30,10,1.53,196,11,13,20
1672,500,4,51,1,30,10,1.53,196,11,13,1
1671,500,4,51,1,30,1,2.81,196,11,13,20
1670,500,4,51,1,30,1,2.81,196,11,13,1
1665,500,4,51,0,30,10,1.53,196,11,13,20
1664,500,4,51,0,30,10,1.53,196,11,13,1
1663,500,4,51,0,30,1,2.81,196,11,13,20
1662,500,4,51,0,30,1,2.81,196,11,13,1
1419,617,10,51,0,4,1,1.23,33,5,2,2
1274,48,6,51,1,14,22,0.74,1425,8,14,20
1213,549,75,51,1,30,32,2.52,585,12,28,13
1184,344,30,51,0,43,34,1.06,1438,25,37,14
804,198,31,51,4,19,93,4.66,1118,32,24,17
745,320,11,51,0,6,11,2.81,120,7,9,5
621,0,34,51,0,43,11,0.79,586,32,29,20
567,432,32,51,1,34,38,1.8,1012,30,19,16
433,204,33,51,3,70,71,2.31,1440,57,70,49
370,284,7,51,0,0,4,0.11,845,1,0,5
292,416,33,51,3,60,79,3.54,1030,41,47,20
226,541,6,51,3,7,26,0.72,1737,7,10,24
225,473,10,51,1,16,25,1.79,535,42,34,37
1241,373,62,52,3,44,69,2.18,1418,32,36,41
1082,659,10,52,2,29,29,1.84,718,52,33,38
1034,160,73,52,0,0,3,3.65,41,1,0,1
961,518,5,52,1,9,20,1.95,400,12,10,12
622,101,14,52,5,106,86,3.42,1081,62,69,53
182,634,43,52,0,6,4,0.37,608,2,3,10
181,634,43,52,0,6,4,0.37,608,2,3,12
180,634,43,52,0,6,7,0.57,608,2,3,10
179,634,43,52,0,6,7,0.57,608,2,3,12
174,634,43,52,0,6,4,0.37,608,2,3,10
173,634,43,52,0,6,4,0.37,608,2,3,12
172,634,43,52,0,6,7,0.57,608,2,3,10
171,634,43,52,0,6,7,0.57,608,2,3,12
95,239,10,52,1,12,18,1.69,292,17,17,23
94,239,10,52,1,12,18,1.69,292,17,17,5
93,239,10,52,1,12,8,1.56,292,17,17,23
92,239,10,52,1,12,8,1.56,292,17,17,5
87,239,10,52,0,12,18,1.69,292,17,17,23
86,239,10,52,0,12,18,1.69,292,17,17,5
85,239,10,52,0,12,8,1.56,292,17,17,23
84,239,10,52,0,12,8,1.56,292,17,17,5
1008,52,26,53,0,15,4,0.59,518,4,19,5
1007,52,26,53,0,15,4,0.59,518,4,19,12
1006,52,26,53,0,15,18,1.21,518,4,19,5
1005,52,26,53,0,15,18,1.21,518,4,19,12
1000,52,26,53,1,15,4,0.59,518,4,19,5
999,52,26,53,1,15,4,0.59,518,4,19,12
998,52,26,53,1,15,18,1.21,518,4,19,5
997,52,26,53,1,15,18,1.21,518,4,19,12
1654,318,14,54,6,82,58,3.02,809,76,51,57
1551,258,10,54,0,18,12,2.24,223,27,11,3
1062,640,39,54,4,26,85,4.48,625,12,4,10
1035,598,6,54,0,6,10,1.12,310,3,2,14
867,7,35,54,2,13,9,0.38,752,10,9,26
600,73,16,54,5,66,67,2.66,1037,62,53,61
560,168,7,54,0,2,2,0.09,336,0,0,2
501,350,10,54,"",23,32,2.51,631,45,27,24
500,350,10,54,1,23,32,2.51,631,45,27,24
471,22,10,54,1,31,15,1.28,491,44,23,7
360,456,75,54,3,63,65,2.49,916,35,26,43
301,30,11,54,0,27,32,1.94,624,20,24,6
254,395,5,54,0,40,49,2.46,610,13,12,14
38,633,10,54,0,11,4,1.42,89,6,8,6
1411,27,3,55,1,25,60,1.8,1416,28,20,30
418,542,29,55,0,0,0,0.0,38,4,0,2
1676,317,10,56,3,36,50,2.03,1076,71,47,30
1669,500,4,56,1,0,10,1.53,5,0,1,20
1668,500,4,56,1,0,10,1.53,5,0,1,1
1667,500,4,56,1,0,1,2.81,5,0,1,20
1666,500,4,56,1,0,1,2.81,5,0,1,1
1661,500,4,56,0,0,10,1.53,5,0,1,20
1660,500,4,56,0,0,10,1.53,5,0,1,1
1659,500,4,56,0,0,1,2.81,5,0,1,20
1658,500,4,56,0,0,1,2.81,5,0,1,1
1657,446,121,56,2,19,47,2.96,928,20,22,17
1603,674,11,56,1,2,2,0.87,147,2,3,3
1477,469,11,56,0,6,6,2.78,157,2,6,2
1343,225,6,56,0,12,14,0.54,1698,6,5,14
1210,88,3,56,0,46,53,2.75,1045,26,32,14
895,639,9,56,5,77,117,3.67,1699,75,66,56
725,534,6,56,0,11,14,0.98,959,4,5,8
499,246,15,56,6,24,80,2.23,2231,24,13,17
375,87,3,56,2,24,66,2.5,1862,8,22,35
304,578,8,56,1,27,34,4.63,395,12,7,15
296,577,31,56,4,42,47,3.83,695,20,37,19
228,70,7,56,0,0,1,0.03,646,0,0,5
152,651,6,56,0,2,11,0.57,1068,3,2,11
149,208,33,56,4,101,79,4.13,1122,49,65,38
139,140,6,56,0,0,9,0.47,1201,2,5,9
130,43,10,56,0,3,20,1.81,541,18,6,11
126,630,14,56,5,54,45,4.69,621,25,29,18
100,273,39,56,2,38,48,2.85,1044,14,27,26
1728,146,53,57,0,8,8,1.77,193,4,7,7
1727,146,53,57,0,8,8,1.77,193,4,7,34
1726,146,53,57,0,8,43,2.0,193,4,7,7
1725,146,53,57,0,8,43,2.0,193,4,7,34
1720,146,53,57,1,8,8,1.77,193,4,7,7
1719,146,53,57,1,8,8,1.77,193,4,7,34
1718,146,53,57,1,8,43,2.0,193,4,7,7
1717,146,53,57,1,8,43,2.0,193,4,7,34
1632,524,11,57,2,16,20,3.53,452,9,4,20
1479,641,16,57,4,37,59,2.08,1491,38,20,24
1379,382,53,57,21,274,219,6.84,2616,65,88,89
1352,193,39,57,2,68,33,1.42,1508,24,26,33
1132,56,33,57,0,31,18,4.54,307,12,7,8
1120,282,35,57,0,9,12,0.35,2211,9,7,21
1101,650,7,57,0,0,1,0.5,33,0,0,0
1098,190,14,57,2,22,15,2.84,349,14,11,4
1097,190,14,57,2,22,15,2.84,349,14,11,11
1096,190,14,57,2,22,29,4.61,349,14,11,4
1095,190,14,57,2,22,29,4.61,349,14,11,11
1090,190,14,57,3,22,15,2.84,349,14,11,4
1089,190,14,57,3,22,15,2.84,349,14,11,11
1088,190,14,57,3,22,29,4.61,349,14,11,4
1087,190,14,57,3,22,29,4.61,349,14,11,11
1037,593,10,57,8,52,74,3.33,1146,38,30,35
1036,593,10,57,8,52,74,3.33,1146,38,30,35
651,337,7,57,2,0,6,0.17,909,0,0,2
639,25,11,57,0,3,2,1.05,157,4,0,4
638,25,11,57,0,3,2,1.05,157,4,0,22
637,25,11,57,0,3,13,1.59,157,4,0,4
636,25,11,57,0,3,13,1.59,157,4,0,22
631,25,11,57,0,3,2,1.05,157,4,0,4
630,25,11,57,0,3,2,1.05,157,4,0,22
629,25,11,57,0,3,13,1.59,157,4,0,4
628,25,11,57,0,3,13,1.59,157,4,0,22
610,158,3,57,2,17,49,2.64,1341,22,12,26
556,383,3,57,2,27,57,2.07,2254,14,19,58
465,119,30,57,1,9,14,0.52,1858,0,6,26
392,257,5,57,5,19,45,1.85,1907,10,7,19
314,135,24,57,0,6,5,0.47,676,4,3,17
269,378,68,57,2,25,52,2.0,1997,26,24,47
244,570,35,57,0,1,0,0.0,186,0,1,1
147,161,48,57,2,53,52,2.21,1656,20,25,44
62,255,10,57,1,56,38,3.33,702,34,22,22
1553,390,11,58,0,0,0,0.0,58,0,1,3
1495,106,59,58,0,7,5,0.83,623,2,5,1
1494,106,59,58,0,7,5,0.83,623,2,5,5
1493,106,59,58,0,7,12,0.82,623,2,5,1
1492,106,59,58,0,7,12,0.82,623,2,5,5
1487,106,59,58,1,7,5,0.83,623,2,5,1
1486,106,59,58,1,7,5,0.83,623,2,5,5
1485,106,59,58,1,7,12,0.82,623,2,5,1
1484,106,59,58,1,7,12,0.82,623,2,5,5
1397,64,10,58,0,3,2,0.97,84,2,1,2
1396,64,10,58,0,3,2,0.97,84,2,1,3
1395,64,10,58,0,3,5,3.0,84,2,1,2
1394,64,10,58,0,3,5,3.0,84,2,1,3
1389,64,10,58,0,3,2,0.97,84,2,1,2
1388,64,10,58,0,3,2,0.97,84,2,1,3
1387,64,10,58,0,3,5,3.0,84,2,1,2
1386,64,10,58,0,3,5,3.0,84,2,1,3
1380,303,10,58,1,64,63,3.36,927,64,46,51
1368,521,48,58,0,7,11,0.89,367,8,13,27
977,51,6,58,1,18,23,0.8,1218,6,14,23
713,420,6,58,0,0,1,0.14,235,0,0,0
673,143,4,58,5,52,36,1.89,818,23,19,24
605,492,35,58,1,53,22,1.0,887,13,25,29
429,142,35,58,0,1,9,1.03,317,2,4,22
428,142,35,58,"",1,9,1.03,317,2,4,22
406,166,11,58,0,33,6,8.44,348,12,13,1
405,166,11,58,0,33,6,8.44,348,12,13,12
404,166,11,58,0,33,31,4.19,348,12,13,1
403,166,11,58,0,33,31,4.19,348,12,13,12
398,166,11,58,1,33,6,8.44,348,12,13,1
397,166,11,58,1,33,6,8.44,348,12,13,12
396,166,11,58,1,33,31,4.19,348,12,13,1
395,166,11,58,1,33,31,4.19,348,12,13,12
362,156,10,58,0,11,12,1.64,387,28,16,19
280,567,24,58,0,11,34,1.49,886,11,5,43
212,13,2,58,2,30,28,2.01,527,21,30,38
54,307,10,58,2,34,38,2.47,698,32,30,29
47,404,10,58,1,44,43,1.73,1145,58,58,52
1604,500,26,59,0,10,2,0.34,171,5,8,5
1412,145,6,59,0,11,6,0.22,1210,6,5,16
1383,382,2,59,2,68,60,3.62,951,22,25,57
1345,153,33,59,4,63,54,2.63,1102,45,56,37
1116,399,43,59,2,5,10,0.67,723,6,4,6
971,612,14,59,1,26,26,3.32,342,12,16,13
929,273,32,59,0,4,7,0.9,177,0,4,23
928,273,32,59,0,4,7,0.9,177,0,4,7
927,273,32,59,0,4,6,2.24,177,0,4,23
926,273,32,59,0,4,6,2.24,177,0,4,7
921,273,32,59,0,4,7,0.9,177,0,4,23
920,273,32,59,0,4,7,0.9,177,0,4,7
919,273,32,59,0,4,6,2.24,177,0,4,23
918,273,32,59,0,4,6,2.24,177,0,4,7
796,379,5,59,0,22,7,0.73,428,5,7,23
795,379,5,59,0,22,7,0.73,428,5,7,17
794,379,5,59,0,22,16,1.61,428,5,7,23
793,379,5,59,0,22,16,1.61,428,5,7,17
788,379,5,59,0,22,7,0.73,428,5,7,23
787,379,5,59,0,22,7,0.73,428,5,7,17
786,379,5,59,0,22,16,1.61,428,5,7,23
785,379,5,59,0,22,16,1.61,428,5,7,17
623,530,26,59,0,3,1,1.32,46,1,2,0
616,85,67,59,0,3,4,1.05,168,8,3,2
565,67,3,59,2,50,28,2.5,611,15,16,36
558,88,39,59,5,73,48,1.6,1297,36,31,25
365,269,5,59,0,15,17,1.07,667,5,9,10
364,269,5,59,0,15,17,1.07,667,5,9,10
256,310,34,59,0,22,38,1.54,1423,10,15,23
240,646,8,59,4,114,87,3.49,1201,57,69,78
237,587,62,59,1,67,28,1.03,1123,21,31,21
206,391,10,59,2,59,54,1.88,1328,52,43,51
1483,550,44,60,4,69,89,3.55,1061,42,53,63
972,419,11,60,0,1,0,0.0,34,2,1,0
675,373,5,60,1,16,36,1.58,810,26,11,43
1706,385,61,61,0,9,17,0.59,1479,4,4,18
1627,465,119,61,3,23,59,2.6,939,28,20,23
1482,646,32,61,6,41,60,1.9,1339,43,36,103
1481,646,32,61,6,41,60,1.9,1339,43,36,103
1475,357,3,61,0,17,14,1.41,579,7,7,14
1340,636,7,61,0,0,3,0.09,579,0,0,2
1242,225,33,61,4,127,115,3.92,1486,68,74,139
1200,477,59,61,1,19,12,0.43,1338,16,11,29
1057,54,9,61,6,71,138,3.93,2155,40,46,64
746,5,14,61,0,2,3,1.02,87,7,4,1
680,288,10,61,2,37,27,1.26,739,65,24,25
676,383,36,61,0,19,20,2.29,386,14,10,8
635,25,11,61,0,23,2,1.05,436,5,10,4
634,25,11,61,0,23,2,1.05,436,5,10,22
633,25,11,61,0,23,13,1.59,436,5,10,4
632,25,11,61,0,23,13,1.59,436,5,10,22
627,25,11,61,0,23,2,1.05,436,5,10,4
626,25,11,61,0,23,2,1.05,436,5,10,22
625,25,11,61,0,23,13,1.59,436,5,10,4
624,25,11,61,0,23,13,1.59,436,5,10,22
601,40,87,61,0,34,27,1.8,660,23,14,21
439,136,8,61,3,82,109,4.76,1239,26,29,33
438,136,8,61,3,82,109,4.76,1239,26,29,33
416,66,39,61,1,4,19,2.67,380,4,1,13
277,448,60,61,0,15,9,0.87,429,8,5,24
1629,162,73,62,1,23,44,3.77,850,27,17,20
1628,162,73,62,1,23,44,3.77,850,27,17,20
1626,414,33,62,1,43,62,3.55,846,33,36,30
1598,156,24,62,0,0,2,0.89,90,2,0,2
1548,439,6,62,1,1,2,0.43,270,0,0,0
1501,613,16,62,6,110,149,6.22,1740,50,49,61
1474,657,53,62,5,87,143,4.41,1930,69,50,72
1377,478,6,62,0,1,9,0.33,1257,4,3,22
1049,419,84,62,0,10,14,1.32,170,4,5,17
1048,419,84,62,0,10,14,1.32,170,4,5,5
1047,419,84,62,0,10,7,2.22,170,4,5,17
1046,419,84,62,0,10,7,2.22,170,4,5,5
1041,419,84,62,0,10,14,1.32,170,4,5,17
1040,419,84,62,0,10,14,1.32,170,4,5,5
1039,419,84,62,0,10,7,2.22,170,4,5,17
1038,419,84,62,0,10,7,2.22,170,4,5,5
887,563,39,62,0,22,36,2.25,1037,7,7,17
886,563,39,62,0,22,36,2.25,1037,7,7,17
776,297,97,62,1,48,51,2.4,1176,27,28,36
493,436,6,62,0,6,28,0.82,1804,7,2,17
300,268,3,62,7,41,76,3.11,1473,17,21,36
122,177,6,62,0,0,3,0.39,362,1,1,1
68,545,5,62,3,46,71,2.68,1626,19,25,49
56,287,20,62,5,81,104,3.53,2102,22,29,87
1712,435,10,63,1,6,4,0.65,221,15,14,10
1525,569,4,63,0,42,21,1.44,532,19,18,25
1282,483,11,63,0,2,2,8.57,13,1,0,0
1271,46,3,63,3,40,52,1.75,1124,28,38,23
1254,532,109,63,2,18,54,2.0,1089,23,21,40
1127,609,24,63,1,7,15,0.61,866,6,7,24
1117,79,32,63,0,8,25,1.94,529,7,4,7
993,181,14,63,5,30,56,4.34,580,40,28,35
992,181,14,63,5,30,56,4.34,580,40,28,2
991,181,14,63,5,30,4,1.02,580,40,28,35
990,181,14,63,5,30,4,1.02,580,40,28,2
985,181,14,63,0,30,56,4.34,580,40,28,35
984,181,14,63,0,30,56,4.34,580,40,28,2
983,181,14,63,0,30,4,1.02,580,40,28,35
982,181,14,63,0,30,4,1.02,580,40,28,2
963,181,4,63,2,19,26,1.4,677,47,21,8
959,9,6,63,0,1,4,0.58,308,2,2,11
888,468,33,63,6,47,71,4.09,749,20,21,37
689,419,10,63,0,1,0,0.0,7,0,3,0
683,79,39,63,1,65,40,1.55,878,33,27,36
306,181,7,63,0,0,3,0.09,598,0,0,3
1732,403,125,64,0,28,33,1.44,816,38,17,26
1573,75,29,64,2,63,45,3.2,612,32,27,53
1402,180,115,64,6,19,39,1.28,1272,21,18,34
1361,301,6,64,0,8,6,0.37,663,0,4,16
1321,662,3,64,1,19,18,0.9,942,12,17,43
1288,591,26,64,0,2,4,1.39,101,4,1,8
1203,668,6,64,1,7,6,0.19,1344,4,1,24
1054,215,88,64,0,29,17,0.8,859,19,23,31
734,403,19,64,1,19,18,1.17,666,9,6,24
435,600,10,64,2,10,33,1.39,819,46,22,58
265,132,32,64,0,4,1,1.2,38,1,1,1
193,494,14,64,7,41,44,2.11,1047,52,23,31
143,340,10,64,0,7,6,3.18,99,7,9,8
63,377,14,64,0,10,11,2.37,180,18,7,9
57,217,29,64,2,28,21,2.04,446,19,13,17
1711,556,124,65,1,21,33,3.5,636,28,17,15
1033,152,16,65,2,30,33,2.73,644,27,16,12
975,96,36,65,3,66,49,4.09,803,24,36,59
965,586,33,65,2,54,43,3.28,986,24,18,45
958,179,100,65,1,16,11,0.35,1366,6,4,13
861,559,14,65,0,48,31,2.74,687,31,20,25
670,225,10,65,8,72,118,3.38,2018,59,42,24
643,581,89,65,5,27,105,3.56,2259,15,14,49
595,494,17,65,2,13,50,3.47,946,19,14,21
561,282,10,65,0,2,2,4.0,31,2,0,0
446,213,3,65,3,33,54,1.57,1829,14,24,83
421,295,32,65,5,57,74,2.43,1976,28,27,38
373,480,53,65,1,8,11,2.95,218,6,8,4
351,422,11,65,0,7,2,2.77,65,4,3,6
307,266,19,65,3,72,42,2.09,1093,38,19,30
258,88,7,65,0,0,0,0.0,62,0,1,0
231,446,59,65,0,5,7,1.44,243,3,1,7
230,446,59,65,0,5,7,1.44,243,3,1,7
223,433,57,65,0,2,4,0.35,555,6,8,15
166,172,32,65,0,13,5,2.96,142,3,5,1
165,172,32,65,0,13,5,2.96,142,3,5,4
164,172,32,65,0,13,10,2.62,142,3,5,1
163,172,32,65,0,13,10,2.62,142,3,5,4
158,172,32,65,1,13,5,2.96,142,3,5,1
157,172,32,65,1,13,5,2.96,142,3,5,4
156,172,32,65,1,13,10,2.62,142,3,5,1
155,172,32,65,1,13,10,2.62,142,3,5,4
136,131,7,65,0,0,1,0.03,575,0,0,4
51,139,2,65,5,35,43,2.03,1135,29,17,12
44,15,24,65,0,13,20,0.6,1813,8,3,29
1708,663,51,66,6,135,103,2.78,1236,39,81,46
1684,576,8,66,1,8,23,3.33,216,4,7,4
1318,526,19,66,1,39,21,0.97,657,12,17,35
934,26,31,66,2,48,27,1.26,603,19,35,18
837,583,30,66,1,7,21,0.66,815,6,3,20
679,531,84,66,0,35,24,0.83,788,25,44,30
551,516,35,66,0,1,2,0.32,121,0,1,6
464,129,10,66,1,20,50,1.85,1314,85,31,32
427,573,10,66,1,42,31,1.38,1093,64,41,19
422,128,80,66,6,23,93,2.66,1379,17,16,38
412,365,2,66,0,7,14,1.57,276,8,4,10
219,283,10,66,0,17,21,1.4,706,41,20,43
190,20,52,66,4,13,24,1.15,643,15,14,25
145,440,32,66,1,8,20,0.95,520,6,7,15
125,347,35,66,2,16,27,0.71,832,14,5,32
1593,139,35,67,0,0,0,0.0,69,2,1,2
1592,139,35,67,0,0,0,0.0,69,2,1,7
1591,139,35,67,0,0,6,0.67,69,2,1,2
1590,139,35,67,0,0,6,0.67,69,2,1,7
1585,139,35,67,0,0,0,0.0,69,2,1,2
1584,139,35,67,0,0,0,0.0,69,2,1,7
1583,139,35,67,0,0,6,0.67,69,2,1,2
1582,139,35,67,0,0,6,0.67,69,2,1,7
1212,139,32,67,4,36,75,2.6,807,21,15,50
915,16,39,67,0,28,18,0.67,640,18,24,23
868,394,94,67,4,50,41,3.14,447,29,24,34
865,446,7,67,0,0,5,0.13,303,0,0,0
726,4,30,67,0,1,1,0.29,65,2,2,2
545,593,3,67,1,43,37,1.09,722,35,39,67
358,396,10,67,3,34,60,2.86,1123,57,50,52
353,139,19,67,1,33,22,1.06,489,20,21,23
288,636,10,67,1,1,7,1.67,202,18,11,17
187,49,50,67,5,48,93,2.59,1350,65,43,76
132,256,31,67,0,2,18,1.72,220,6,4,14
6,446,10,67,3,37,68,2.23,1632,91,54,59
1554,216,7,68,0,0,4,0.11,372,1,0,3
1688,172,61,69,1,5,10,0.6,722,2,6,12
1645,18,120,69,2,0,52,2.42,8,1,0,37
1644,18,120,69,2,0,52,2.42,8,1,0,0
1643,18,120,69,2,0,0,0.0,8,1,0,37
1642,18,120,69,2,0,0,0.0,8,1,0,0
1637,18,120,69,0,0,52,2.42,8,1,0,37
1636,18,120,69,0,0,52,2.42,8,1,0,0
1635,18,120,69,0,0,0,0.0,8,1,0,37
1634,18,120,69,0,0,0,0.0,8,1,0,0
1404,459,10,69,1,19,46,2.06,946,39,22,28
1353,246,3,69,1,58,80,2.29,1921,48,37,100
1214,446,6,69,1,8,14,0.54,1291,5,4,17
946,290,6,69,0,0,11,0.41,1396,5,2,25
856,279,10,69,1,42,33,1.97,728,40,42,16
855,388,11,69,0,12,16,1.53,558,10,9,11
690,41,33,69,6,94,116,4.13,1582,45,54,43
652,271,32,69,0,8,14,1.76,337,10,4,12
566,330,3,69,0,1,2,0.83,150,2,0,3
562,159,43,69,1,29,13,0.44,1388,10,18,30
413,335,8,69,3,65,56,4.32,678,43,36,46
359,439,26,69,0,1,0,0.0,24,0,0,1
312,264,34,69,0,4,10,1.57,344,5,6,8
287,332,7,69,0,1,4,0.16,520,0,0,5
207,246,19,69,0,13,8,0.73,481,4,12,11
198,172,11,69,0,45,19,3.87,272,15,12,5
148,147,49,69,7,25,70,2.63,1064,51,35,27
1737,37,16,70,4,56,57,2.5,912,37,41,19
1545,446,7,70,0,0,1,0.08,176,1,0,4
1544,446,7,70,0,0,1,0.08,176,1,0,0
1543,446,7,70,0,0,0,0.0,176,1,0,4
1542,446,7,70,0,0,0,0.0,176,1,0,0
1537,446,7,70,0,0,1,0.08,176,1,0,4
1536,446,7,70,0,0,1,0.08,176,1,0,0
1535,446,7,70,0,0,0,0.0,176,1,0,4
1534,446,7,70,0,0,0,0.0,176,1,0,0
1473,445,77,70,0,20,18,0.88,572,6,14,28
1248,273,6,70,0,14,8,0.47,549,6,14,8
1128,31,36,70,6,120,186,5.18,1776,62,78,180
1058,236,7,70,0,0,0,0.0,205,0,0,3
952,31,10,70,0,15,20,3.28,311,19,19,12
871,372,3,70,3,69,96,3.74,826,37,57,79
744,283,24,70,2,14,13,0.4,997,7,8,13
653,494,3,70,2,41,44,1.52,1038,24,28,40
9,273,13,70,2,11,15,0.66,610,5,6,35
1738,151,84,71,3,35,59,2.21,1467,18,35,53
1736,369,124,71,7,73,90,3.11,1209,50,29,37
1734,230,14,71,0,14,11,3.68,163,5,6,1
1031,112,33,71,1,96,58,2.48,1074,71,72,34
943,104,30,71,4,9,19,0.83,1403,10,11,31
767,296,17,71,0,5,11,2.49,139,1,9,3
735,226,3,71,3,25,90,2.96,1278,27,26,38
729,102,6,71,0,14,23,0.9,1156,13,15,22
648,109,6,71,0,4,4,0.32,637,3,11,16
641,505,43,71,1,7,6,0.77,403,2,1,6
514,270,36,71,8,1,74,4.12,13,0,0,15
513,270,36,71,8,1,74,4.12,13,0,0,0
512,270,36,71,8,1,0,0.0,13,0,0,15
511,270,36,71,8,1,0,0.0,13,0,0,0
506,270,36,71,0,1,74,4.12,13,0,0,15
505,270,36,71,0,1,74,4.12,13,0,0,0
504,270,36,71,0,1,0,0.0,13,0,0,15
503,270,36,71,0,1,0,0.0,13,0,0,0
356,240,14,71,2,54,52,3.13,737,48,27,29
290,192,11,71,3,10,41,3.25,610,22,18,17
209,631,14,71,1,24,20,2.41,404,25,20,10
194,73,26,71,0,0,0,0.0,40,0,1,1
186,634,43,71,0,4,4,0.37,694,1,3,10
185,634,43,71,0,4,4,0.37,694,1,3,12
184,634,43,71,0,4,7,0.57,694,1,3,10
183,634,43,71,0,4,7,0.57,694,1,3,12
178,634,43,71,0,4,4,0.37,694,1,3,10
177,634,43,71,0,4,4,0.37,694,1,3,12
176,634,43,71,0,4,7,0.57,694,1,3,10
175,634,43,71,0,4,7,0.57,694,1,3,12
1678,384,6,72,0,8,17,0.49,1571,7,4,9
1476,267,63,72,0,0,0,0.0,68,0,0,2
1406,144,101,72,0,0,0,0.0,49,0,5,0
1405,122,30,72,1,13,31,0.82,1959,7,10,28
1293,498,33,72,6,63,64,2.52,1097,33,46,67
1236,599,87,72,4,17,42,3.19,508,5,3,22
1235,599,87,72,4,17,42,3.19,508,5,3,17
1234,599,87,72,4,17,26,2.45,508,5,3,22
1233,599,87,72,4,17,26,2.45,508,5,3,17
1228,599,87,72,0,17,42,3.19,508,5,3,22
1227,599,87,72,0,17,42,3.19,508,5,3,17
1226,599,87,72,0,17,26,2.45,508,5,3,22
1225,599,87,72,0,17,26,2.45,508,5,3,17
1206,397,79,72,0,52,85,3.54,1478,28,40,46
970,98,33,72,7,132,92,3.13,1557,71,48,51
967,338,35,72,0,1,1,0.6,52,0,2,0
955,291,32,72,4,91,47,1.38,1570,26,43,24
948,280,17,72,0,33,42,2.18,1016,11,5,14
808,97,33,72,6,104,95,3.26,1399,66,68,47
771,400,3,72,3,35,58,4.34,952,13,26,27
736,365,33,72,0,18,40,3.85,556,23,12,12
608,574,11,72,3,38,56,3.4,879,41,41,23
546,660,33,72,1,31,36,2.45,683,31,22,17
469,474,31,72,7,21,58,4.4,849,23,16,21
242,415,6,72,0,3,2,0.95,113,1,2,3
232,470,16,72,2,12,38,4.51,605,10,12,11
1527,419,35,73,1,2,7,0.98,549,3,1,3
1384,321,67,73,5,145,67,2.7,1449,44,47,42
1320,361,77,73,5,29,56,3.33,922,17,17,28
1273,537,24,73,1,11,8,0.78,703,5,9,24
834,520,10,73,4,106,102,3.33,1606,84,62,51
780,509,16,73,10,107,98,4.02,1524,55,35,28
607,596,88,73,2,11,31,4.37,570,6,13,11
419,39,47,73,7,43,128,4.09,2359,24,26,53
372,71,61,73,4,32,43,1.39,2124,25,12,25
303,250,16,73,21,45,136,5.43,1652,57,25,31
250,439,59,73,2,0,13,0.65,1416,0,1,5
245,665,11,73,0,0,0,0.0,7,0,0,1
170,172,32,73,0,6,5,2.96,116,6,3,1
169,172,32,73,0,6,5,2.96,116,6,3,4
168,172,32,73,0,6,10,2.62,116,6,3,1
167,172,32,73,0,6,10,2.62,116,6,3,4
162,172,32,73,1,6,5,2.96,116,6,3,1
161,172,32,73,1,6,5,2.96,116,6,3,4
160,172,32,73,1,6,10,2.62,116,6,3,1
159,172,32,73,1,6,10,2.62,116,6,3,4
71,494,36,73,6,69,78,4.98,1045,22,33,30
33,318,18,73,1,10,38,1.37,2099,9,4,7
12,88,16,73,3,101,76,4.54,1057,33,44,34
1617,595,14,74,2,31,45,4.5,591,10,23,21
1550,196,82,74,20,96,222,7.16,2180,43,44,38
1523,376,82,74,10,50,112,5.52,1613,29,19,28
1221,405,15,74,0,63,44,3.28,970,11,13,12
1197,646,14,74,7,73,71,3.15,1090,51,35,35
1188,86,16,74,1,128,117,3.97,1688,51,71,49
781,572,8,74,9,93,140,6.48,1367,33,39,37
772,122,32,74,4,32,49,1.84,1769,14,18,23
603,446,3,74,2,31,65,2.35,2266,10,21,42
592,501,35,74,0,4,11,0.88,866,2,0,4
474,67,19,74,2,31,36,2.17,1123,6,16,2
444,21,10,74,3,45,51,3.16,780,24,41,11
311,193,9,74,7,64,95,4.21,1515,15,22,26
302,559,7,74,0,0,4,0.12,668,2,0,2
243,282,6,74,0,7,3,0.34,645,1,1,2
81,244,30,74,0,2,8,0.66,977,3,1,10
74,94,37,74,1,14,27,1.01,1884,6,7,22
73,292,7,74,0,1,0,0.0,77,0,0,0
