playmakingAbilityId,birthId,roleId,playerOrganizationId,assists,dribbles,sca,sca90,pass_targets,miscontrols,dispossessed,fouled
0,243,6,489,0,0,3,0.39,362,1,1,1
1,343,8,841,3,45,66,4.91,660,22,27,23
2,31,7,12,0,0,0,0.0,53,0,0,1
3,70,10,192,1,1,7,1.67,202,18,11,17
4,160,67,421,0,3,4,1.05,168,8,3,2
5,21,7,29,0,2,0,0.0,219,0,0,0
6,608,70,855,2,41,49,2.61,1134,12,25,39
7,659,16,922,6,110,149,6.22,1740,50,49,61
8,344,24,363,2,14,13,0.4,997,7,8,13
9,223,24,739,0,0,2,0.89,90,2,0,2
10,104,31,448,2,48,27,1.26,603,19,35,18
11,609,35,818,0,2,5,0.21,1220,5,2,16
12,206,39,320,3,15,15,0.9,613,7,9,19
13,664,12,938,3,73,60,2.12,1018,31,27,48
14,377,18,382,1,10,38,1.37,2099,9,4,7
15,683,70,214,1,54,42,2.55,885,33,38,20
16,647,3,839,1,12,37,1.84,872,7,14,23
17,13,33,658,5,117,67,3.4,1045,52,58,22
18,438,17,833,4,84,58,2.95,749,26,35,33
19,155,35,616,6,21,41,1.41,1333,5,18,24
20,138,10,953,0,0,0,0.0,4,0,0,0
21,294,20,302,8,33,78,2.45,815,19,17,24
22,453,6,685,0,6,10,0.46,733,4,3,24
23,556,61,759,1,23,37,1.26,1436,8,18,16
24,663,10,609,0,4,1,1.23,33,5,2,2
25,599,44,620,4,69,89,3.55,1061,42,53,63
26,577,10,546,9,65,113,3.21,1619,83,54,47
27,245,5,898,1,39,10,0.96,463,9,23,9
28,513,10,992,1,19,46,2.06,946,39,22,28
29,272,45,199,1,88,72,2.64,916,35,34,19
30,462,33,562,2,28,45,2.35,871,22,30,47
31,644,6,887,0,6,10,1.12,310,3,2,14
32,33,7,42,0,0,0,0.0,205,0,0,3
33,336,10,370,1,48,58,1.8,1390,105,55,47
34,596,55,193,8,78,77,3.33,1113,50,40,34
35,390,16,362,0,13,11,3.43,159,3,8,9
36,458,26,294,0,11,7,1.34,158,2,4,3
37,639,10,496,8,52,74,3.33,1146,38,30,35
38,704,3,883,1,19,18,0.9,942,12,17,43
39,271,10,689,6,59,74,3.29,1244,86,67,53
40,334,33,871,16,164,125,4.92,1946,61,51,22
41,96,120,935,2,52,52,2.42,716,37,39,37
41,96,120,339,0,0,0,0.0,8,1,0,0
42,524,16,688,2,12,38,4.51,605,10,12,11
43,587,6,188,0,5,12,0.51,662,4,2,16
44,43,7,67,0,2,2,0.06,900,1,0,3
45,323,4,749,2,34,25,1.2,563,14,17,26
46,367,53,655,4,150,88,4.25,773,53,61,61
47,54,26,367,5,50,48,2.26,856,20,31,23
48,359,14,258,3,29,39,3.66,583,43,28,13
49,179,36,427,3,95,83,5.3,969,40,57,45
50,50,10,470,2,33,55,2.36,1132,83,49,63
51,544,14,387,2,22,13,3.85,187,8,4,7
52,193,30,452,1,13,31,0.82,1959,7,10,28
53,334,13,165,2,11,15,0.66,610,5,6,35
54,80,34,190,3,32,40,2.49,732,15,15,19
55,98,52,340,4,13,24,1.15,643,15,14,25
56,278,53,736,7,48,97,5.17,911,19,13,30
57,567,10,550,1,39,80,3.54,981,36,30,41
58,499,86,731,2,37,65,2.5,1439,24,22,39
59,546,100,817,0,8,11,0.57,699,3,4,9
60,134,33,381,0,31,18,4.54,307,12,7,8
61,19,7,39,1,0,2,0.36,73,0,0,1
62,365,22,233,2,135,98,3.3,1319,66,71,93
63,388,3,927,1,5,11,1.12,244,2,3,7
64,296,35,303,1,7,10,0.55,512,0,3,6
65,90,3,945,1,9,20,2.58,332,2,3,8
66,338,19,730,1,24,51,1.94,864,19,19,14
67,597,10,91,3,47,40,2.81,736,59,39,26
68,15,30,691,4,9,19,0.83,1403,10,11,31
69,624,26,805,0,0,1,1.0,19,0,1,0
70,50,10,824,3,37,68,2.23,1632,91,54,59
71,12,5,948,0,23,19,1.16,761,16,11,8
72,41,7,80,0,1,4,0.16,520,0,0,5
73,480,2,545,1,24,18,0.97,512,14,13,33
74,579,6,1023,3,12,16,0.59,862,8,7,17
75,356,97,269,1,48,51,2.4,1176,27,28,36
76,687,6,881,1,3,20,0.64,905,3,5,23
77,201,35,1028,0,6,1,0.13,286,4,2,11
78,559,34,773,0,14,15,1.46,335,17,9,28
79,121,10,109,0,3,20,1.81,541,18,6,11
80,544,3,852,2,41,44,1.52,1038,24,28,40
81,545,94,131,7,25,98,4.06,1323,17,14,46
82,274,36,966,7,90,77,3.15,1855,64,48,28
83,109,36,319,4,146,96,3.13,1430,56,58,37
84,518,6,895,0,7,5,0.23,526,6,6,29
85,213,53,449,0,8,8,1.77,193,4,7,7
85,213,53,379,1,52,43,2.0,775,47,27,34
86,6,7,59,0,2,4,0.14,354,1,0,3
87,573,3,182,3,22,31,1.05,1197,22,11,28
88,319,5,148,5,19,45,1.85,1907,10,7,19
89,54,14,646,0,22,29,4.43,266,14,13,17
89,54,14,521,0,25,29,3.91,364,22,28,13
90,456,2,1008,4,19,63,3.67,924,15,16,39
91,612,23,185,1,22,28,0.93,1197,21,10,33
92,265,34,625,1,16,29,1.73,767,11,16,52
93,443,85,244,0,21,19,0.61,1186,23,16,13
94,37,7,2,0,0,0,0.0,135,0,0,0
95,370,58,501,0,4,23,1.05,986,3,13,30
96,481,34,823,1,25,29,1.27,756,17,12,14
97,238,32,964,0,6,5,2.96,116,6,3,1
97,238,32,450,1,13,10,2.62,142,3,5,4
98,498,16,796,0,40,44,2.48,698,29,30,7
99,588,30,166,0,8,6,0.51,925,5,2,3
100,325,31,517,5,38,75,5.04,826,33,21,38
101,373,14,253,6,80,85,3.69,968,36,47,52
102,589,11,574,2,14,25,2.43,675,8,23,16
103,222,24,263,2,23,47,1.62,998,16,10,41
104,226,43,910,1,29,13,0.44,1388,10,18,30
104,502,60,225,0,15,9,0.87,429,8,5,24
105,78,34,800,0,43,11,0.79,586,32,29,20
106,448,47,1001,0,19,8,0.3,799,12,20,27
107,343,10,867,0,0,0,0.0,2,0,1,0
108,464,10,140,0,0,1,2.0,29,4,0,1
109,267,14,129,0,8,3,1.08,169,9,9,5
110,150,26,654,0,0,0,0.0,40,0,1,1
111,54,14,675,2,45,50,2.54,1011,43,30,38
112,486,32,297,1,80,36,1.91,692,29,27,20
113,635,26,245,0,0,0,0.0,1,0,0,0
114,22,7,41,0,3,8,0.26,487,0,0,3
115,258,39,879,2,68,33,1.42,1508,24,26,33
116,522,9,360,7,39,103,3.71,1505,35,37,45
117,405,35,850,2,16,27,0.71,832,14,5,32
118,110,86,104,0,45,44,1.42,1120,22,34,39
119,511,32,626,1,6,4,0.35,311,7,3,8
120,528,11,271,0,7,19,3.2,296,8,10,4
121,124,3,795,3,40,52,1.75,1124,28,38,23
122,586,14,462,2,117,68,1.94,1682,99,108,112
123,618,5,601,1,71,48,1.83,850,33,45,30
124,374,14,111,1,133,91,3.59,1293,65,72,74
125,406,10,539,1,5,7,1.72,158,12,8,13
126,410,14,718,2,36,28,1.47,698,46,26,23
127,382,36,359,8,36,66,6.44,571,25,26,39
128,619,10,576,1,42,31,1.38,1093,64,41,19
129,458,34,802,5,10,36,3.33,471,9,7,19
130,210,4,239,5,52,36,1.89,818,23,19,24
131,150,5,589,2,39,35,2.11,407,9,7,20
132,44,14,1003,0,48,31,2.4,546,28,32,40
133,445,11,765,0,0,0,0.0,58,0,1,3
134,251,3,858,2,26,60,2.55,873,13,13,8
135,473,33,317,2,82,110,4.95,1129,52,40,54
136,53,4,1032,2,11,25,1.3,763,9,9,20
137,541,33,837,4,56,87,3.98,1007,39,54,41
138,203,42,243,0,11,18,1.7,602,9,13,15
139,25,7,18,0,0,1,0.25,74,0,0,1
140,46,7,56,0,0,2,0.06,526,1,0,2
141,617,4,85,1,5,3,2.81,21,1,1,0
142,380,67,952,5,145,67,2.7,1449,44,47,42
143,622,10,248,1,11,32,2.98,465,27,19,10
144,467,10,211,0,17,19,2.51,416,28,24,14
145,201,32,274,0,4,1,1.2,38,1,1,1
146,268,53,254,5,108,93,3.99,1107,53,50,29
147,22,35,602,0,1,9,1.03,317,2,4,22
148,689,30,404,1,16,11,0.68,672,8,8,9
149,13,16,175,3,101,76,4.54,1057,33,44,34
150,566,35,1027,0,1,2,0.32,121,0,1,6
151,555,43,505,1,7,6,0.77,403,2,1,6
152,522,14,962,0,1,2,3.1,41,3,1,2
153,75,10,456,6,25,35,2.58,716,63,31,28
154,284,19,857,1,38,28,1.53,941,14,24,32
155,50,59,868,0,5,7,1.44,243,3,1,7
156,494,26,957,0,1,0,0.0,24,0,0,1
157,289,5,758,8,46,119,3.54,1262,33,35,26
158,187,16,810,0,17,13,1.35,328,21,19,19
159,417,100,767,0,2,5,0.64,412,1,2,6
160,192,84,975,0,40,21,0.95,818,15,23,25
161,308,36,744,2,93,76,2.87,1240,41,46,68
162,514,3,943,2,30,69,3.03,905,20,19,25
163,603,3,705,1,17,15,2.42,522,9,11,8
164,403,3,241,0,15,26,1.69,729,7,20,30
164,403,3,836,0,9,16,1.91,607,4,3,17
165,70,39,607,10,117,81,2.69,2341,53,57,56
166,544,36,747,6,69,78,4.98,1045,22,33,30
167,487,32,522,1,34,38,1.8,1012,30,19,16
168,171,33,793,6,104,95,3.26,1399,66,68,47
169,676,14,679,5,54,45,4.69,621,25,29,18
170,54,31,471,9,58,135,5.79,1314,59,28,38
171,113,8,327,10,99,120,3.76,1815,85,79,24
172,60,7,47,0,0,3,0.09,416,0,0,10
173,264,11,474,0,0,1,9.0,7,2,1,0
174,583,10,595,2,74,68,2.53,1286,73,76,71
175,22,4,305,3,6,18,3.11,340,3,3,7
175,22,4,485,0,0,0,0.0,13,0,1,0
176,438,2,479,2,68,60,3.62,951,22,25,57
177,161,33,838,3,74,41,3.39,615,27,20,20
178,205,8,204,3,82,109,4.76,1239,26,29,33
179,661,31,419,2,54,89,4.31,1130,29,32,42
180,146,25,126,3,34,37,1.37,875,18,17,24
181,628,30,597,1,6,23,0.75,959,6,4,17
182,547,19,431,1,5,14,3.35,247,4,1,6
183,32,7,13,0,0,4,0.11,372,1,0,3
184,624,26,805,0,0,1,1.0,19,0,1,0
185,712,10,408,2,42,56,2.15,1284,75,61,62
186,600,38,919,1,50,27,1.7,734,32,37,20
187,446,10,725,2,59,54,1.88,1328,52,43,51
188,99,10,701,3,64,43,1.32,1337,91,71,54
189,139,35,286,1,2,3,0.22,671,1,2,5
190,658,94,973,2,13,15,2.5,231,10,3,6
191,459,10,284,1,44,43,1.73,1145,58,58,52
192,8,7,16,0,0,2,0.1,302,0,0,1
193,640,10,892,3,17,24,2.2,462,17,17,18
194,87,6,937,0,1,4,0.58,308,2,2,11
195,700,53,970,5,87,143,4.41,1930,69,50,72
196,260,11,143,0,0,0,0.0,14,0,0,0
197,494,6,482,1,1,2,0.43,270,0,0,0
198,679,38,279,5,41,105,3.83,1388,26,33,49
199,582,109,848,2,18,54,2.0,1089,23,21,40
200,427,14,774,4,120,91,3.54,1060,61,75,78
201,173,2,512,2,56,71,2.83,1549,36,19,41
202,653,24,520,0,6,30,0.87,1625,3,2,25
203,159,21,995,6,20,123,3.75,1215,19,27,36
204,504,79,194,3,82,115,6.74,1110,43,45,61
205,458,16,709,2,44,98,4.03,1189,67,46,34
206,435,5,996,0,6,7,0.73,312,2,4,23
206,435,5,311,0,22,16,1.61,428,5,7,17
207,183,33,721,1,96,58,2.48,1074,71,72,34
208,320,10,934,0,18,12,2.24,223,27,11,3
209,376,10,150,3,36,50,2.03,1076,71,47,30
210,62,32,584,1,7,21,1.76,488,7,4,17
211,623,5,251,0,38,46,1.52,1139,9,13,22
212,389,3,195,0,1,2,0.83,150,2,0,3
213,236,6,1038,1,6,16,0.58,913,12,8,22
214,4,7,46,0,0,0,0.0,24,0,0,0
215,366,10,963,0,14,27,3.16,465,33,15,19
216,592,6,697,0,6,16,0.65,1037,2,1,9
217,705,51,845,6,135,103,2.78,1236,39,81,46
218,221,40,909,5,101,57,3.15,954,27,48,40
219,144,74,769,7,67,95,2.54,2128,24,30,31
220,451,10,352,3,34,60,2.86,1123,57,50,52
221,622,8,328,1,8,23,3.33,216,4,7,4
222,520,32,567,2,23,36,2.19,1038,6,9,20
223,102,46,799,6,132,66,2.96,1103,56,64,48
224,501,10,200,2,41,37,2.57,656,52,22,20
225,505,23,468,1,17,26,0.84,1448,13,8,41
226,602,3,603,0,42,42,2.29,818,11,19,30
227,449,94,820,4,50,41,3.14,447,29,24,34
228,542,6,535,1,2,3,0.28,297,2,3,8
229,464,6,385,0,6,4,0.43,288,3,2,16
230,335,8,826,3,36,32,2.24,566,28,29,19
231,428,5,399,12,48,111,3.21,2438,39,20,21
232,12,77,105,7,85,134,3.82,1939,55,48,63
233,439,36,523,0,19,20,2.29,386,14,10,8
234,304,14,786,2,98,65,3.89,764,47,55,44
235,283,72,875,1,9,24,0.8,1201,6,8,24
236,48,22,750,1,14,19,1.35,450,11,10,10
237,695,6,649,0,16,7,0.54,508,4,3,14
238,641,6,862,0,0,10,0.35,1064,3,3,7
239,262,34,221,3,27,50,1.9,828,29,33,61
240,175,6,556,0,14,23,0.9,1156,13,15,22
241,514,4,554,0,18,15,1.42,382,9,10,18
241,514,4,371,0,1,3,3.38,37,1,1,0
242,514,55,741,6,114,151,4.84,2031,66,52,30
243,385,6,540,1,2,13,0.38,966,5,1,13
244,185,44,112,0,38,20,1.95,420,24,10,13
245,275,3,114,3,22,42,1.78,1451,19,21,46
246,13,35,613,0,5,3,0.47,270,2,2,5
247,178,23,548,0,4,11,0.38,808,2,3,10
248,305,4,627,0,4,5,3.41,66,0,3,3
249,241,33,210,3,92,59,2.07,1137,70,52,39
250,158,10,434,2,94,91,2.92,1256,70,53,32
251,204,6,906,0,11,9,0.3,829,6,8,28
252,152,29,416,2,63,45,3.2,612,32,27,53
253,54,47,128,0,14,34,1.36,885,24,17,16
254,658,14,605,1,26,26,3.32,342,12,16,13
255,503,3,189,1,10,34,2.02,834,3,4,19
256,646,10,939,2,10,33,1.39,819,46,22,58
257,14,14,703,5,106,86,3.42,1081,62,69,53
258,42,7,70,2,0,6,0.17,909,0,0,2
259,220,33,733,4,63,54,2.63,1102,45,56,37
260,27,7,43,0,0,0,0.0,14,0,0,0
261,50,2,490,1,22,19,1.38,555,16,16,35
262,452,24,494,0,0,0,0.0,55,0,1,1
263,377,3,951,2,28,36,1.88,653,30,45,30
264,512,86,900,3,50,64,2.85,773,36,34,38
265,446,10,476,2,5,12,1.27,303,18,11,13
266,333,0,902,1,13,27,2.48,371,9,11,7
267,424,10,226,1,42,46,1.54,1710,106,78,42
268,645,87,93,4,18,42,3.19,547,10,8,22
268,645,87,542,0,17,26,2.45,508,5,3,17
269,465,3,426,0,82,68,2.46,1453,19,42,50
270,676,14,356,0,16,13,3.79,178,13,7,4
271,690,32,231,6,41,60,1.9,1339,43,36,103
272,468,2,572,1,35,29,1.79,763,15,25,23
273,312,16,1020,21,45,136,5.43,1652,57,25,31
274,74,7,51,0,1,6,0.16,636,0,0,7
275,54,24,865,2,9,7,0.42,815,6,5,14
276,118,87,514,0,34,27,1.8,660,23,14,21
277,532,52,384,0,2,9,0.46,415,3,3,19
278,659,5,967,0,11,12,1.4,452,7,8,9
279,286,33,478,4,77,82,4.42,984,42,59,18
280,299,14,993,8,150,139,4.27,1588,104,89,43
281,135,8,787,1,51,23,1.6,547,28,36,35
282,362,10,710,1,64,63,3.36,927,64,46,51
283,529,59,860,1,19,12,0.43,1338,16,11,29
284,542,3,715,2,16,58,2.9,935,17,21,29
285,630,3,144,6,29,112,3.24,1512,15,20,33
286,509,8,198,6,82,66,2.92,955,60,54,30
287,308,15,720,6,24,80,2.23,2231,24,13,17
288,303,98,631,3,80,86,2.67,1415,40,56,56
289,621,112,628,0,7,9,1.59,213,8,8,5
290,361,46,831,0,41,48,4.95,449,20,17,16
291,438,14,587,2,33,50,2.83,840,43,34,43
292,492,32,388,2,11,11,0.84,308,15,10,8
293,714,11,529,1,2,2,0.87,147,2,3,3
294,436,4,281,1,3,15,5.06,153,4,2,5
295,193,32,202,4,32,49,1.84,1769,14,18,23
296,506,4,137,1,16,27,1.81,697,9,11,16
297,15,7,34,0,0,2,0.09,514,1,0,4
298,244,35,920,1,3,8,0.4,862,2,2,26
299,82,30,395,0,1,1,0.29,65,2,2,2
300,458,10,515,4,26,43,1.65,1020,52,25,47
301,615,4,880,0,42,21,1.44,532,19,18,25
302,596,14,493,2,27,25,2.03,657,44,29,23
303,433,14,825,0,10,11,2.37,180,18,7,9
304,690,8,869,4,114,87,3.49,1201,57,69,78
305,198,80,354,6,23,93,2.66,1379,17,16,38
306,407,3,657,0,16,33,1.6,768,9,8,20
307,111,11,1037,1,13,12,1.21,429,5,9,11
308,583,6,755,0,2,6,0.43,379,3,3,11
309,57,7,60,0,1,3,0.08,416,3,0,3
310,714,10,107,0,16,12,1.71,266,26,18,12
311,81,25,842,2,50,29,1.37,1034,23,24,24
312,707,88,808,3,12,34,1.47,1257,11,12,24
313,161,16,563,1,128,117,3.97,1688,51,71,49
314,564,6,915,1,3,5,0.38,420,0,1,6
314,564,6,348,0,1,2,0.32,194,1,3,3
315,343,39,896,0,35,14,1.09,548,11,16,4
316,13,7,4,0,0,0,0.0,62,0,1,0
317,458,19,533,1,19,18,1.17,666,9,6,24
318,372,5,134,1,16,11,1.0,422,12,6,14
319,128,19,307,1,10,37,1.25,791,14,16,44
320,225,3,287,2,17,49,2.64,1341,22,12,26
321,561,3,912,1,9,10,1.4,240,9,5,12
322,278,77,422,2,32,23,1.83,537,29,13,16
323,444,6,306,0,6,18,0.62,833,6,2,28
324,208,30,1040,1,6,14,0.57,852,4,3,10
325,209,35,681,1,23,9,0.46,823,10,9,13
326,478,77,1015,2,32,64,1.88,1569,11,11,19
327,145,19,259,2,31,36,2.17,1123,6,16,2
328,559,10,201,2,25,60,1.94,1636,98,57,60
329,430,21,882,1,35,16,0.57,861,38,22,30
330,52,7,75,0,1,6,0.17,493,0,0,3
331,391,11,916,0,0,0,0.0,0,0,0,0
332,495,32,519,1,8,20,0.95,520,6,7,15
333,91,2,680,2,30,28,2.01,527,21,30,38
334,204,24,594,0,6,5,0.47,676,4,3,17
335,162,3,722,2,24,66,2.5,1862,8,22,35
336,348,10,924,2,37,27,1.26,739,65,24,25
337,629,30,866,1,7,21,0.66,815,6,3,20
338,298,8,217,1,44,47,4.13,571,31,25,42
339,593,86,971,0,7,9,0.98,504,3,6,12
340,208,6,315,0,0,9,0.47,1201,2,5,9
341,559,15,914,2,28,43,1.77,1204,24,31,18
342,208,8,932,6,87,48,3.03,881,27,41,17
343,667,61,242,0,5,1,0.43,75,0,0,1
344,343,6,936,0,7,3,0.34,645,1,1,2
345,195,4,950,0,11,15,1.63,361,10,10,20
346,701,35,854,1,16,12,0.52,1703,1,7,13
347,367,93,365,0,9,3,1.05,140,2,2,4
348,174,10,81,0,11,3,0.51,297,19,10,12
349,364,4,106,1,19,16,2.15,296,19,23,18
349,364,4,247,0,13,1,0.29,134,6,5,3
350,119,33,942,6,94,116,4.13,1582,45,54,43
351,70,7,15,0,0,3,0.09,579,0,0,2
352,288,10,639,8,72,118,3.38,2018,59,42,24
353,340,10,278,1,42,33,1.97,728,40,42,16
354,349,6,797,0,0,11,0.41,1396,5,2,25
355,334,6,424,0,14,8,0.47,549,6,14,8
356,675,26,944,0,13,4,1.57,168,3,0,2
357,381,25,1005,1,36,67,2.13,1167,25,32,41
358,519,6,88,2,1,7,0.22,1149,6,4,10
359,683,62,634,3,22,106,2.79,1362,24,16,52
360,514,32,304,0,20,16,1.03,775,11,7,21
361,14,7,22,0,0,0,0.0,35,0,0,0
362,167,3,291,3,21,57,2.65,1038,13,13,27
363,398,10,237,0,7,6,3.18,99,7,9,8
364,426,47,885,4,25,91,3.48,1344,26,20,22
365,540,32,1017,2,10,31,1.42,832,15,6,13
366,63,7,35,0,1,0,0.0,86,0,0,0
367,153,3,531,4,23,48,2.42,997,13,25,24
368,261,82,403,20,96,222,7.16,2180,43,44,38
369,276,6,1018,1,10,15,0.67,986,9,10,18
370,263,6,979,0,8,17,1.12,663,3,5,12
371,50,19,459,4,70,67,2.4,1504,36,28,48
372,117,47,353,7,43,128,4.09,2359,24,26,53
373,282,10,604,2,18,17,1.61,521,29,12,5
374,255,14,714,2,22,15,2.84,349,14,11,4
374,255,14,664,3,23,29,4.61,283,12,10,11
375,377,32,398,1,43,31,2.19,690,11,8,17
376,50,30,798,0,3,7,0.52,484,2,1,9
377,428,3,663,3,69,96,3.74,826,37,57,79
378,66,7,65,0,1,3,0.09,447,0,0,6
379,170,36,184,3,66,49,4.09,803,24,36,59
380,567,10,983,3,78,100,2.99,1513,86,80,120
381,149,6,644,1,13,25,1.38,914,8,5,16
382,669,6,585,0,2,1,0.27,170,0,1,0
383,527,10,292,1,16,25,1.79,535,42,34,37
384,151,38,466,0,10,8,1.58,173,4,9,2
385,109,16,500,3,27,29,4.2,407,18,19,11
386,489,6,986,0,3,10,0.32,646,6,2,13
387,697,80,590,5,33,45,1.81,1674,17,11,15
388,350,32,436,4,91,47,1.38,1570,26,43,24
389,123,79,591,1,16,45,1.41,1409,68,29,63
390,679,10,698,0,11,4,1.42,89,6,8,6
391,308,72,668,0,3,17,0.55,720,4,2,14
392,384,10,130,3,35,54,3.09,974,53,40,25
392,384,10,215,0,3,1,1.5,36,2,1,2
393,578,77,1021,5,44,74,4.23,1065,21,26,22
394,106,96,690,0,11,12,1.5,203,9,9,9
395,634,26,451,0,0,0,0.0,40,1,1,7
396,205,19,960,1,12,16,0.65,609,13,15,36
397,418,6,376,0,1,0,0.0,32,0,1,2
397,418,6,598,0,0,1,0.62,61,1,0,1
398,580,3,386,1,10,4,0.57,214,9,2,5
399,20,7,6,0,0,1,0.03,575,0,0,4
400,471,33,1014,3,60,79,3.54,1030,41,47,20
401,532,53,890,1,8,11,2.95,218,6,8,4
402,10,7,14,1,0,3,0.08,410,0,0,5
403,627,89,801,5,27,105,3.56,2259,15,14,49
404,371,6,170,0,19,16,0.86,564,6,12,26
405,685,16,984,4,37,59,2.08,1491,38,20,24
406,574,11,583,2,16,20,3.53,452,9,4,20
407,305,21,428,1,44,72,2.23,1632,32,42,25
408,534,11,272,0,2,2,8.57,13,1,0,0
409,165,46,889,0,10,25,3.29,334,12,11,10
410,613,24,480,0,11,34,1.49,886,11,5,43
411,623,31,558,4,42,47,3.83,695,20,37,19
412,358,36,581,1,6,15,4.17,178,4,6,3
412,358,36,423,0,16,32,3.21,477,17,7,9
413,334,118,232,2,44,21,1.36,768,13,16,15
414,586,55,103,2,222,94,3.37,1437,56,65,65
415,293,14,283,0,14,11,3.68,163,5,6,1
416,214,49,978,7,25,70,2.63,1064,51,35,27
417,273,33,141,4,101,79,4.13,1122,49,65,38
418,12,32,608,5,26,45,1.4,943,15,9,13
419,326,34,980,0,4,10,1.57,344,5,6,8
420,224,6,98,0,1,2,0.34,281,0,1,4
421,246,115,527,6,19,39,1.28,1272,21,18,34
422,351,7,599,0,1,0,0.0,77,0,0,0
423,470,6,726,0,3,2,0.95,113,1,2,3
424,207,33,792,0,6,6,1.55,159,2,7,5
425,311,14,275,1,58,50,2.58,862,40,18,48
426,542,35,1022,1,53,22,1.0,887,13,25,29
427,715,34,441,4,20,104,3.44,1179,16,16,22
428,508,32,163,1,12,28,1.28,951,17,12,27
429,626,3,467,3,62,47,2.19,891,57,25,56
430,568,10,133,0,4,2,1.87,64,0,2,2
431,172,33,406,7,132,92,3.13,1557,71,48,51
432,288,6,700,0,12,14,0.54,1698,6,5,14
433,591,29,775,0,0,0,0.0,38,4,0,2
434,343,10,318,0,2,2,4.0,31,2,0,0
435,550,19,89,0,1,5,2.31,86,1,5,2
436,140,25,324,1,26,10,1.99,231,4,5,2
437,136,19,727,2,39,23,1.12,700,20,9,19
438,130,26,925,0,4,4,0.59,266,4,3,5
438,130,26,974,1,15,18,1.21,518,4,19,12
439,467,53,683,6,93,107,3.65,1266,53,58,51
440,650,10,888,1,18,33,1.68,1186,95,35,32
441,672,61,262,0,9,21,1.13,994,2,4,10
442,397,6,273,1,10,23,0.61,1906,6,7,27
443,250,55,345,0,8,10,5.11,132,4,3,6
444,533,10,549,5,101,95,3.12,1648,95,47,58
445,309,26,425,0,0,5,0.66,340,1,2,4
446,519,119,579,3,23,59,2.6,939,28,20,23
447,46,3,473,1,15,10,0.83,363,24,16,15
448,633,62,100,1,67,28,1.03,1123,21,31,21
449,22,19,555,2,30,40,3.17,635,8,16,5
450,510,75,656,3,63,65,2.49,916,35,26,43
451,54,33,124,0,13,21,7.3,156,5,10,9
451,54,33,158,2,24,39,4.72,423,13,17,21
452,153,33,777,1,84,81,2.48,1513,92,71,53
453,334,77,908,3,41,73,2.46,1324,31,30,37
454,425,124,652,7,73,90,3.11,1209,50,29,37
455,485,19,674,7,43,104,3.09,1288,18,32,31
456,494,3,113,0,56,50,1.77,1371,20,15,45
457,497,10,472,7,41,93,2.86,1353,65,37,50
458,217,26,561,0,2,0,0.0,22,0,0,1
459,680,43,872,0,4,4,0.37,694,1,3,10
459,680,43,1034,0,6,7,0.57,608,2,3,12
460,488,57,557,0,2,4,0.35,555,6,8,15
461,208,4,756,3,29,35,1.67,884,24,22,26
462,61,14,357,0,48,31,2.74,687,31,20,25
463,460,15,768,0,63,44,3.28,970,11,13,12
464,214,11,870,0,7,8,2.41,144,4,4,8
465,474,35,610,1,2,7,0.98,549,3,1,3
466,673,30,930,1,13,17,0.51,1633,4,9,11
467,150,16,1011,5,66,67,2.66,1037,62,53,61
468,683,9,713,5,77,117,3.67,1699,75,66,56
469,28,4,374,2,19,26,1.4,677,47,21,8
470,79,6,578,1,5,9,0.29,625,3,5,12
471,125,15,392,1,5,9,0.52,457,7,7,0
472,50,7,62,0,0,1,0.08,176,1,0,4
472,50,7,9,0,0,0,0.0,16,0,0,0
473,594,5,329,3,46,71,2.68,1626,19,25,49
474,439,3,368,2,27,57,2.07,2254,14,19,58
475,392,14,659,2,74,58,1.95,1573,127,82,49
476,12,7,25,0,0,2,0.21,155,0,0,2
477,404,10,510,0,3,2,7.2,20,0,1,1
477,182,33,177,4,56,74,2.11,1375,76,57,88
478,702,10,580,2,29,29,1.84,718,52,33,38
479,240,2,977,2,20,29,2.04,533,14,19,18
480,550,4,223,1,30,10,1.53,196,11,13,20
480,550,4,1025,0,0,1,2.81,5,0,1,1
481,633,17,830,2,76,66,2.54,1884,28,32,21
482,228,48,528,2,53,52,2.21,1656,20,25,44
483,665,26,351,0,4,2,0.64,140,2,7,5
484,457,66,621,2,13,23,2.21,673,3,7,17
485,234,35,645,0,3,16,0.44,1509,1,1,24
486,581,84,596,0,35,24,0.83,788,25,44,30
487,576,19,432,1,39,21,0.97,657,12,17,35
488,256,55,96,5,103,68,2.89,1144,42,37,86
489,229,73,457,1,23,44,3.77,850,27,17,20
490,107,4,87,0,9,2,0.49,131,5,7,6
491,549,10,99,1,11,12,1.57,267,16,10,8
492,666,3,173,1,11,25,0.74,1066,10,19,43
493,643,11,270,1,33,33,3.47,415,27,19,18
494,207,35,746,0,0,0,0.0,69,2,1,2
494,207,35,784,0,5,6,0.67,254,1,0,7
495,476,26,592,0,0,2,0.49,127,0,1,3
496,713,5,469,2,38,76,3.48,1675,13,14,59
497,369,34,322,0,22,38,1.54,1423,10,15,23
498,639,10,496,8,52,74,3.33,1146,38,30,35
499,207,32,976,4,36,75,2.6,807,21,15,50
500,239,10,827,2,40,102,3.08,1593,72,69,27
501,550,26,212,0,10,2,0.34,171,5,8,5
502,544,14,724,7,41,44,2.11,1047,52,23,31
503,606,14,622,0,21,10,2.34,173,7,6,19
504,447,46,255,4,33,28,2.75,352,17,22,23
505,379,11,154,0,6,11,2.81,120,7,9,5
506,86,17,160,6,19,57,3.26,724,15,10,22
507,334,26,632,0,1,0,0.0,77,0,0,0
508,466,16,696,2,64,39,2.86,749,40,23,48
509,536,2,897,1,39,20,2.03,434,12,19,14
509,536,2,923,5,32,27,2.88,509,12,16,14
510,64,7,20,0,1,2,0.06,397,0,0,5
511,628,14,901,2,6,12,5.68,148,8,9,7
511,628,14,673,2,68,81,5.38,801,51,31,16
512,604,6,458,2,14,10,0.34,865,6,11,19
513,143,47,832,2,25,45,2.29,994,19,9,10
514,269,33,438,3,70,71,2.31,1440,57,70,49
515,636,55,516,7,116,109,3.57,1843,85,72,70
516,105,3,1016,1,25,60,1.8,1416,28,20,30
517,474,84,334,0,25,14,1.32,684,5,16,17
517,474,84,877,0,10,7,2.22,170,4,5,5
518,500,77,350,0,20,18,0.88,572,6,14,28
519,306,30,156,0,2,8,0.66,977,3,1,10
520,450,5,735,0,40,49,2.46,610,13,12,14
521,13,30,941,0,6,1,0.1,388,3,2,2
522,585,16,981,1,6,9,2.12,273,5,7,11
523,53,3,692,5,72,93,3.24,2034,27,37,65
524,248,6,630,0,11,7,0.23,965,4,5,16
525,623,58,734,0,6,13,0.34,1357,3,2,6
526,402,30,219,0,43,34,1.06,1438,25,37,14
527,146,6,687,0,1,1,0.14,171,0,1,1
527,146,6,220,0,1,0,0.0,90,1,1,1
528,623,32,738,13,56,151,4.28,2363,36,22,10
529,360,6,982,0,8,6,0.37,663,0,4,16
530,133,3,227,0,4,5,1.36,119,4,0,9
531,168,37,488,1,14,27,1.01,1884,6,7,22
532,537,6,699,0,4,13,1.37,464,4,2,10
533,394,8,136,3,65,56,4.32,678,43,36,46
534,145,3,559,2,50,28,2.5,611,15,16,36
535,169,53,138,2,23,42,2.69,665,38,25,29
536,123,79,591,1,16,45,1.41,1409,68,29,63
537,137,14,526,2,66,67,2.43,1197,97,64,84
538,169,19,716,5,108,76,2.3,1348,58,52,44
539,329,63,1030,0,0,0,0.0,68,0,0,2
540,563,47,323,4,40,40,2.59,582,12,15,6
541,544,17,420,2,13,50,3.47,946,19,14,21
542,69,7,27,0,0,4,0.11,238,0,0,7
543,607,9,216,2,93,80,2.38,1281,60,54,68
544,94,39,341,0,28,18,0.67,640,18,24,23
545,156,32,804,0,8,25,1.94,529,7,4,7
546,414,3,565,0,17,14,1.41,579,7,7,14
547,97,19,518,1,5,5,0.67,189,4,12,5
548,648,10,1024,2,8,29,2.15,593,42,11,26
549,44,7,50,1,1,4,0.12,700,1,0,1
550,693,32,537,3,29,47,1.89,800,20,16,22
551,50,6,454,1,9,11,0.42,757,5,5,14
552,13,35,174,1,23,14,0.55,1226,7,11,13
553,211,101,822,0,0,0,0.0,49,0,5,0
554,668,19,102,2,30,31,1.16,927,25,32,47
555,190,30,229,1,9,14,0.52,1858,0,6,26
556,552,8,702,0,4,4,1.95,119,3,5,4
557,18,7,44,0,0,1,0.33,36,0,0,0
558,163,59,203,3,13,23,0.73,1317,2,1,13
559,687,10,570,3,83,94,3.45,1217,86,60,88
560,7,7,57,0,0,1,0.03,646,0,0,5
561,353,30,372,0,7,7,0.5,564,3,4,10
562,638,10,444,1,62,74,5.29,858,39,57,38
563,658,14,573,1,52,53,3.15,674,28,22,37
564,100,10,1007,1,31,15,1.28,491,44,23,7
565,204,11,167,0,0,2,2.65,31,0,2,0
566,194,35,751,0,18,24,0.77,898,14,12,15
567,458,125,282,0,28,33,1.44,816,38,17,26
568,207,19,742,1,33,22,1.06,489,20,21,23
569,186,3,905,1,110,75,2.31,1572,53,50,68
570,658,45,532,1,7,8,1.21,252,6,5,2
571,396,35,840,0,1,1,0.6,52,0,2,0
572,666,19,788,0,2,2,0.32,159,3,2,3
573,434,68,1010,2,25,52,2.0,1997,26,24,47
574,279,88,342,0,29,17,0.8,859,19,23,31
575,677,33,606,0,5,6,4.82,89,3,4,2
575,677,33,666,5,41,70,4.12,789,29,29,30
576,112,84,987,1,3,9,0.97,416,1,5,8
576,112,84,132,0,2,3,0.65,307,0,0,3
577,72,7,1,0,1,1,0.05,222,1,0,1
578,191,2,168,0,72,33,1.86,536,24,51,38
579,561,39,235,1,24,28,1.55,916,13,10,23
580,39,7,17,0,1,7,0.18,626,0,0,5
581,639,3,815,1,43,37,1.09,722,35,39,67
582,54,7,79,0,0,0,0.0,21,0,0,0
583,254,0,650,1,12,37,1.79,730,18,13,9
584,104,25,277,3,53,63,2.0,1542,45,23,22
585,526,35,249,0,10,5,0.39,468,1,3,3
586,9,7,64,0,0,3,0.1,656,0,0,7
587,22,11,446,0,1,0,0.0,22,2,0,0
588,287,19,361,0,8,19,2.19,293,11,5,18
589,73,7,74,0,0,1,0.5,33,0,0,0
590,184,73,615,2,15,25,0.85,1222,19,12,46
591,690,14,369,7,73,71,3.15,1090,51,35,35
592,378,60,834,5,19,64,2.12,1709,9,19,23
593,212,6,760,0,11,6,0.22,1210,6,5,16
594,616,35,903,0,1,0,0.0,186,0,1,1
595,395,55,157,4,48,60,2.33,1300,37,33,29
596,580,26,911,0,3,1,1.32,46,1,2,0
597,437,5,761,1,26,62,2.04,1205,28,33,35
598,322,77,770,6,46,95,3.02,1773,32,51,61
599,48,11,693,0,12,16,1.53,558,10,9,11
600,288,10,961,4,46,60,2.88,906,60,43,56
601,232,6,764,2,17,27,0.77,1641,8,7,41
602,307,41,147,6,96,141,4.5,1808,49,58,79
603,590,6,1035,3,7,26,0.72,1737,7,10,24
604,345,35,119,1,9,5,0.15,854,8,0,22
605,334,75,155,5,48,45,2.31,835,32,37,35
606,76,7,58,0,0,1,0.06,145,0,0,1
607,61,7,77,0,0,4,0.12,668,2,0,2
608,463,33,299,5,39,48,1.99,1055,22,38,22
609,62,7,21,0,0,2,0.12,248,0,1,7
610,13,3,1039,0,46,53,2.75,1045,26,32,14
611,435,6,228,3,12,18,0.79,774,2,4,23
612,308,114,314,8,53,88,2.91,1202,42,29,39
613,354,32,405,5,57,74,2.43,1976,28,27,38
614,180,6,762,0,4,4,0.32,637,3,11,16
615,549,6,988,0,2,2,0.12,530,5,1,22
615,549,6,290,0,4,5,0.68,186,0,5,9
616,711,33,582,4,90,86,3.68,1205,59,76,74
617,300,10,409,3,30,49,2.27,1198,60,48,41
618,230,64,719,0,35,24,2.0,408,7,13,4
619,420,76,400,2,11,30,2.11,572,14,13,12
620,258,93,394,2,88,59,2.11,1560,32,55,44
621,196,11,276,2,19,42,3.6,463,21,16,33
622,289,105,990,2,90,85,3.34,1048,58,63,46
623,605,124,780,1,21,33,3.5,636,28,17,15
624,393,26,586,0,4,5,1.21,141,0,3,9
625,193,10,355,5,44,64,1.9,1223,60,23,17
626,341,17,230,0,33,42,2.18,1016,11,5,14
627,16,110,240,2,42,36,2.19,806,39,30,40
628,218,84,1026,3,35,59,2.21,1467,18,35,53
629,52,31,946,7,21,58,4.4,849,23,16,21
630,148,61,491,4,32,43,1.39,2124,25,12,25
631,474,11,375,0,1,0,0.0,34,2,1,0
632,54,26,218,0,0,1,1.53,17,1,0,1
633,377,14,551,6,82,58,3.02,809,76,51,57
634,624,3,397,1,15,17,0.76,963,6,8,22
635,421,2,789,0,7,14,1.57,276,8,4,10
636,157,36,794,2,31,51,4.02,655,23,20,20
637,548,33,997,6,63,64,2.52,1097,33,46,67
638,562,14,662,2,63,50,1.69,1307,83,55,75
639,611,39,236,0,22,36,2.25,1037,7,7,17
640,522,33,266,6,47,71,4.09,749,20,21,37
641,366,10,611,2,34,38,2.47,698,32,30,29
642,116,32,460,0,36,36,1.39,920,19,17,42
643,642,88,455,2,11,31,4.37,570,6,13,11
644,614,14,812,2,99,99,4.36,1106,71,47,58
645,539,84,835,0,4,18,1.8,717,4,10,16
645,539,84,337,0,21,33,2.45,1003,17,18,18
646,691,16,250,5,53,53,3.19,978,37,34,19
647,258,9,346,7,64,95,4.21,1515,15,22,26
648,71,7,48,0,0,0,0.0,2,0,0,0
649,452,79,326,0,52,85,3.54,1478,28,40,46
650,279,53,349,3,49,56,1.61,1528,58,39,23
651,50,11,206,3,33,27,1.78,534,19,31,22
652,11,10,538,1,26,41,1.63,1022,63,26,36
653,681,39,544,3,41,62,1.88,1946,28,20,58
654,355,17,1000,0,5,11,2.49,139,1,9,3
655,537,23,629,0,8,31,1.03,1238,7,13,20
656,144,39,843,1,4,19,2.67,380,4,1,13
657,678,33,676,8,97,97,2.92,1818,64,59,26
658,455,14,439,13,97,107,5.0,1016,50,37,49
659,334,32,913,0,24,7,0.9,303,5,9,23
659,334,32,737,0,4,6,2.24,177,0,4,7
660,637,26,332,0,2,4,1.39,101,4,1,8
661,657,6,118,3,10,22,0.77,1818,7,9,11
662,295,6,814,0,4,8,0.33,854,7,1,38
663,670,24,429,0,26,16,1.43,419,8,11,13
664,50,3,1031,2,31,65,2.35,2266,10,21,42
665,475,6,886,0,0,1,0.14,235,0,0,0
666,401,86,252,8,30,121,3.86,1151,22,28,76
667,684,39,440,4,26,85,4.48,625,12,4,10
668,92,6,757,2,9,24,0.84,1150,5,3,10
669,337,30,660,0,18,21,0.9,1386,5,8,17
670,496,16,415,3,45,47,2.67,764,28,32,34
671,660,25,729,3,32,52,1.68,1342,20,13,9
672,572,3,566,0,18,23,1.82,602,16,16,19
673,387,15,197,1,27,37,1.87,1051,23,15,31
674,154,3,508,0,18,14,0.84,424,11,9,28
675,568,77,707,2,33,57,2.15,942,12,29,61
676,313,34,146,7,49,117,3.49,1112,34,38,66
677,36,7,76,0,0,4,0.11,845,1,0,5
678,83,14,364,0,2,3,1.02,87,7,4,1
679,237,30,196,1,6,11,1.01,695,1,3,3
680,586,24,162,1,11,8,0.78,703,5,9,24
681,530,6,543,0,1,9,0.33,1257,4,3,22
682,688,90,325,2,33,25,3.57,319,17,30,15
683,595,25,1006,4,76,48,1.5,1142,28,43,15
684,225,43,402,0,15,32,1.61,841,7,9,35
685,281,14,288,3,97,107,2.95,1959,69,70,76
686,346,33,108,1,21,25,3.01,454,15,16,18
687,101,19,117,3,31,102,3.36,1449,17,19,31
688,122,11,84,2,70,40,3.88,440,34,24,32
689,48,7,71,0,1,4,0.12,481,0,0,5
690,71,7,48,0,0,0,0.0,2,0,0,0
691,5,7,38,0,0,0,0.0,73,0,0,0
692,624,33,803,4,68,72,3.23,1122,48,79,41
693,270,2,695,2,21,42,5.23,514,12,14,19
694,146,35,642,2,5,16,0.54,692,2,3,8
695,53,7,10,0,0,0,0.0,43,0,0,3
696,709,19,97,2,14,30,1.42,1443,17,9,26
697,703,4,321,0,24,18,1.36,635,10,9,12
698,75,30,1019,0,5,6,0.36,580,3,4,11
699,662,92,82,1,17,16,1.58,588,8,7,6
700,47,7,36,0,0,1,0.05,290,0,0,4
701,494,11,821,0,0,1,90.0,2,0,0,0
702,17,7,55,0,3,5,0.27,201,1,0,7
703,89,11,487,1,2,9,1.73,183,5,4,3
704,521,4,856,0,3,6,3.05,150,2,3,6
705,150,77,1009,0,78,46,1.41,1635,36,41,42
706,12,7,25,0,0,2,0.21,155,0,0,2
707,536,35,863,1,15,13,0.47,954,5,8,17
708,421,33,534,0,18,40,3.85,556,23,12,12
709,216,33,123,3,107,80,2.35,1507,90,99,79
710,560,5,186,1,20,29,2.57,610,5,11,18
711,77,7,32,0,0,0,0.0,187,0,0,1
712,321,86,745,2,32,42,1.46,1643,10,12,38
713,331,5,575,0,15,17,1.07,667,5,9,10
714,601,10,790,2,57,61,2.57,980,35,50,31
715,342,55,806,5,87,84,3.55,815,51,36,46
716,331,5,575,0,15,17,1.07,667,5,9,10
717,472,6,711,0,12,7,0.3,565,5,3,19
718,623,11,101,0,4,3,2.14,124,3,3,2
719,625,82,772,15,105,205,5.93,2150,49,62,48
720,253,30,412,0,15,31,1.45,1173,5,6,30
721,375,11,1036,0,49,49,1.77,1450,51,33,65
722,49,7,11,0,0,0,0.0,27,0,0,0
723,431,6,847,0,9,17,0.49,1501,4,4,13
724,438,53,498,21,274,219,6.84,2616,65,88,89
725,554,2,1013,0,44,50,2.17,989,28,24,16
726,438,8,667,6,74,65,2.84,917,79,61,48
727,696,14,344,1,63,59,3.78,779,33,30,19
728,437,56,593,2,94,46,1.99,937,20,27,45
729,67,7,7,0,0,0,0.0,1,0,0,0
730,413,30,208,0,4,1,0.16,173,3,1,6
731,308,53,636,2,108,77,3.8,1043,37,57,45
732,523,11,503,0,6,6,2.78,157,2,6,2
733,352,11,316,0,3,0,0.0,11,1,0,0
734,570,10,785,4,106,102,3.33,1606,84,62,51
735,266,33,122,2,13,32,2.4,731,26,24,29
736,690,32,231,6,41,60,1.9,1339,43,36,103
737,202,10,754,2,19,55,2.03,994,61,23,17
738,656,33,83,3,112,56,2.21,937,82,67,45
739,208,4,417,0,11,11,1.67,405,4,5,5
740,706,11,191,0,0,0,0.0,7,0,0,1
741,384,10,130,3,35,54,3.09,974,53,40,25
741,384,10,215,0,3,1,1.5,36,2,1,2
742,559,16,859,10,107,98,4.02,1524,55,35,28
743,316,77,414,2,12,20,2.67,467,6,8,2
744,292,21,116,2,45,30,1.21,719,25,31,25
745,572,35,224,1,6,10,0.41,835,11,7,27
746,50,83,819,5,29,94,3.14,1555,31,34,35
747,50,7,8,0,0,5,0.13,303,0,0,0
748,423,30,312,0,0,5,0.85,318,0,3,2
749,517,104,161,3,29,26,2.7,494,9,12,11
750,469,33,433,1,43,62,3.55,846,33,36,30
751,494,59,864,2,0,13,0.65,1416,0,1,5
752,551,35,577,0,4,11,0.88,866,2,0,4
753,180,30,955,1,23,18,0.67,1055,2,11,18
754,201,10,884,0,7,19,1.32,610,28,17,31
755,716,11,1041,0,37,6,1.47,230,10,6,2
756,231,11,313,1,17,10,2.88,158,12,11,5
757,416,10,296,1,25,39,2.78,724,44,30,25
758,176,10,536,1,16,34,2.45,647,27,18,31
759,164,14,969,0,43,28,3.39,303,17,24,34
759,164,14,171,1,11,14,4.52,176,12,9,7
760,482,51,396,0,44,27,1.49,546,29,26,15
761,238,61,753,1,5,10,0.6,722,2,6,12
762,417,77,752,5,29,56,3.33,922,17,17,28
763,317,10,612,1,56,38,3.33,702,34,22,22
764,565,46,461,10,78,117,4.22,1369,51,45,73
765,494,10,588,0,5,3,1.16,112,10,4,8
766,259,3,811,4,62,55,2.46,1192,31,27,50
767,649,10,876,1,13,18,1.93,417,33,11,13
767,649,10,502,0,9,2,0.61,173,10,9,10
768,29,7,63,0,0,3,0.12,553,1,0,6
769,429,62,619,3,44,69,2.18,1418,32,36,41
770,432,82,828,10,50,112,5.52,1613,29,19,28
771,400,59,265,1,12,6,0.22,1143,8,3,7
772,85,35,524,2,13,9,0.38,752,10,9,26
773,494,10,257,0,4,2,8.57,10,1,1,1
774,242,53,164,4,23,67,2.92,1001,32,21,36
775,286,77,483,0,26,44,2.5,801,14,16,22
776,229,73,457,1,23,44,3.77,850,27,17,20
777,63,7,40,0,0,1,0.03,557,0,0,6
778,477,11,151,0,7,2,2.77,65,4,3,6
779,13,39,985,5,73,48,1.6,1297,36,31,25
780,357,2,1029,1,14,32,2.09,558,18,19,29
781,78,32,569,3,26,30,1.81,545,11,18,7
782,699,6,443,1,32,29,1.11,1597,11,21,12
783,419,3,933,2,38,78,2.73,934,19,24,45
784,277,3,940,3,33,54,1.57,1829,14,24,83
785,24,7,72,0,2,2,0.09,336,0,0,2
786,288,33,1002,4,127,115,3.92,1486,68,74,139
787,301,10,187,1,14,18,1.69,554,38,18,23
787,301,10,653,0,12,8,1.56,292,17,17,5
788,45,7,0,0,2,1,0.03,444,0,0,5
789,223,10,453,0,11,12,1.64,387,28,16,19
790,332,36,504,8,54,74,4.12,782,27,39,15
790,332,36,110,0,1,0,0.0,13,0,0,0
791,34,7,5,0,0,1,0.1,204,0,0,2
792,343,35,507,0,9,12,0.35,2211,9,7,21
793,188,32,926,3,47,37,1.32,1232,23,18,29
794,240,10,564,0,18,29,3.51,408,21,15,36
795,120,53,391,0,12,16,2.05,318,23,23,10
796,2,7,61,0,0,3,0.14,515,0,0,3
797,428,2,442,3,49,60,1.75,1347,42,44,44
798,252,53,994,1,26,22,2.76,387,21,24,17
799,54,3,861,0,6,28,4.26,354,4,3,3
800,440,6,661,0,8,17,0.49,1571,7,4,9
801,363,35,477,0,4,2,0.34,117,4,0,4
802,205,8,204,3,82,109,4.76,1239,26,29,33
803,479,33,965,1,22,17,3.42,209,11,10,11
803,479,33,120,0,12,26,3.23,401,14,3,13
804,59,7,31,0,0,4,0.15,273,0,1,0
805,441,61,172,0,9,17,0.59,1479,4,4,18
806,207,2,928,5,35,43,2.03,1135,29,17,12
807,703,33,669,1,31,36,2.45,683,31,22,17
808,516,43,125,0,1,0,0.0,56,0,5,2
809,575,6,743,0,8,3,0.32,293,3,5,2
810,422,10,481,0,21,23,4.03,300,14,11,29
811,109,36,1012,6,120,186,5.18,1776,62,78,180
812,142,46,617,6,135,111,3.73,1418,75,64,82
813,51,7,54,1,0,4,0.14,494,1,0,2
814,708,40,874,3,53,50,2.62,732,37,29,22
815,396,16,525,3,262,106,2.91,1956,123,172,147
816,126,6,894,1,14,22,0.74,1425,8,14,20
817,557,10,643,0,0,0,0.0,8,1,0,0
818,544,111,671,1,29,41,2.88,781,14,18,26
819,405,53,783,0,19,9,0.99,354,22,19,11
820,641,14,728,2,31,45,4.5,591,10,23,21
821,214,10,293,0,0,1,22.5,2,0,1,0
822,245,3,873,0,7,10,4.27,177,0,2,2
823,189,3,740,3,47,48,1.6,1073,23,34,59
824,535,19,553,5,8,36,2.32,471,12,11,17
825,280,29,145,2,28,21,2.04,446,19,13,17
826,308,11,92,0,16,22,1.32,493,10,10,7
827,408,6,209,0,1,5,0.63,411,0,0,2
828,694,6,723,0,2,11,0.57,1068,3,2,11
829,0,7,69,0,0,5,0.29,247,0,0,2
830,44,10,393,1,23,32,2.51,631,45,27,24
831,498,84,684,1,30,39,1.31,1302,18,26,33
832,315,54,670,3,69,60,1.67,1343,33,23,41
833,534,70,782,2,59,68,2.89,995,51,30,58
834,193,14,748,1,34,56,1.92,1396,107,39,48
835,56,7,3,0,0,0,0.0,110,0,0,0
836,336,38,706,3,83,168,5.76,1651,46,47,98
837,584,6,647,0,11,14,0.98,959,4,5,8
838,623,11,853,0,34,24,1.07,770,22,30,44
839,415,10,90,1,24,24,1.32,766,75,39,37
840,88,3,358,2,19,37,2.97,695,14,14,15
841,308,3,849,1,58,80,2.29,1921,48,37,100
842,457,10,929,2,27,25,2.12,467,32,13,8
843,13,63,205,0,3,1,0.2,117,0,5,4
844,474,10,310,0,1,0,0.0,7,0,3,0
845,568,5,486,1,9,20,1.95,400,12,10,12
846,525,46,779,0,39,21,2.49,450,21,17,14
847,333,32,624,0,9,5,0.45,280,3,5,12
848,291,4,600,0,0,0,0.0,69,0,0,0
849,127,50,956,5,48,93,2.59,1350,65,43,76
850,28,7,49,0,0,3,0.09,598,0,0,3
851,686,10,623,0,8,12,4.09,161,9,7,6
852,671,35,264,0,16,16,0.72,1578,10,2,17
853,109,10,260,0,15,20,3.28,311,19,19,12
854,698,16,333,3,168,65,2.13,1480,83,94,64
855,177,59,149,0,1,5,0.83,224,0,2,1
855,177,59,495,1,7,12,0.82,623,2,5,5
856,334,39,181,2,38,48,2.85,1044,14,27,26
857,559,53,401,8,110,117,3.77,1663,79,50,34
858,156,39,614,1,65,40,1.55,878,33,27,36
859,285,39,763,1,12,16,1.68,391,1,6,12
860,132,9,295,6,71,138,3.93,2155,40,46,64
861,655,24,407,1,7,15,0.61,866,6,7,24
862,631,35,207,1,23,30,0.84,1167,5,13,21
863,122,11,300,1,26,37,4.4,567,16,12,6
864,328,19,411,3,72,42,2.09,1093,38,19,30
865,368,94,648,9,211,99,3.42,1394,82,90,101
866,542,10,917,0,0,1,5.29,15,0,0,1
867,310,63,308,0,7,1,0.08,223,4,2,8
868,215,3,492,5,27,29,1.16,1668,11,29,45
869,620,11,547,3,38,56,3.4,879,41,41,23
870,58,7,37,0,1,4,0.15,529,0,0,3
871,38,7,53,0,0,1,0.14,71,0,0,2
872,40,7,33,1,0,3,0.13,290,0,0,6
873,347,20,678,5,81,104,3.53,2102,22,29,87
874,652,30,708,1,6,4,0.13,770,5,4,14
875,1,7,26,0,0,8,0.21,379,0,0,8
876,386,6,959,0,8,14,0.79,702,2,6,5
877,254,11,541,0,3,5,5.92,38,1,1,0
878,50,59,868,0,5,7,1.44,243,3,1,7
879,235,10,390,1,21,29,2.22,655,36,21,17
880,129,38,142,1,17,22,3.85,326,9,11,13
881,77,6,447,0,1,1,0.31,106,0,0,1
881,77,6,809,0,0,2,0.15,559,1,2,4
882,30,7,68,0,0,0,0.0,23,0,0,0
883,219,16,280,2,30,33,2.73,644,27,16,12
884,586,19,991,3,94,92,2.94,1714,29,43,71
885,68,7,66,0,0,0,0.0,75,0,0,0
886,483,33,807,6,115,117,4.29,2046,88,83,42
887,558,38,366,2,42,58,3.79,858,26,24,29
888,618,39,958,0,23,11,0.88,294,11,12,19
888,618,39,712,0,2,1,1.53,13,1,1,1
889,227,73,778,0,0,3,3.65,41,1,0,1
890,543,15,509,1,18,17,1.39,715,7,11,4
891,461,14,829,3,65,59,2.83,1023,36,50,56
892,624,8,410,1,27,34,4.63,395,12,7,15
893,538,10,893,1,17,35,1.53,1023,51,33,38
894,233,11,152,0,2,6,8.44,40,0,2,1
894,233,11,183,1,33,31,4.19,348,12,13,12
895,442,46,949,2,52,74,4.9,851,13,29,32
895,442,46,153,1,30,34,3.9,459,10,20,10
896,103,11,246,0,3,2,1.05,157,4,0,4
896,103,11,389,0,23,13,1.59,436,5,10,22
897,474,25,169,1,10,23,1.7,499,13,8,12
898,166,6,552,0,6,2,0.31,302,3,0,2
899,156,14,618,3,89,105,4.16,1231,39,65,77
900,208,5,127,3,39,44,1.75,750,27,21,26
901,114,10,813,1,13,20,2.34,385,22,16,9
902,26,7,19,0,1,3,0.09,343,1,0,6
903,383,11,530,0,5,3,2.09,99,7,1,4
904,701,67,513,1,23,13,1.13,402,21,31,14
905,170,16,776,13,97,104,3.93,1502,53,49,44
906,632,33,121,2,54,43,3.28,986,24,18,45
907,129,6,972,1,18,23,0.8,1218,6,14,23
908,131,10,463,1,40,54,1.89,1029,83,30,37
909,54,69,999,7,27,78,3.52,1207,19,13,19
910,7,30,330,1,11,24,0.73,1089,2,7,42
911,200,6,298,1,5,15,0.59,1001,9,3,12
912,324,11,732,1,29,24,1.67,512,23,12,16
912,324,11,641,0,0,1,15.0,3,0,0,0
913,314,25,238,0,30,16,1.23,835,20,22,25
914,429,5,506,1,16,36,1.58,810,26,11,43
915,692,30,766,1,4,23,1.09,1290,6,5,16
916,28,14,267,5,30,56,4.34,580,40,28,35
916,28,14,289,0,6,4,1.02,194,11,6,2
917,11,7,52,0,0,3,0.09,425,0,0,5
918,531,30,672,1,5,24,0.63,2568,2,2,28
919,339,5,464,2,27,39,3.21,591,17,9,16
920,257,11,475,3,10,41,3.25,610,22,18,17
921,330,3,638,7,41,76,3.11,1473,17,21,36
922,399,3,891,0,27,73,2.5,1421,14,18,19
923,674,35,430,0,14,24,0.79,1410,10,10,28
924,411,15,907,1,30,39,1.31,1101,9,16,50
925,412,6,694,1,12,8,0.36,747,4,7,10
926,709,6,989,1,7,6,0.19,1344,4,1,24
927,55,7,45,0,1,1,0.08,221,0,0,0
928,651,3,637,0,10,21,1.35,982,5,9,39
929,515,65,234,7,46,71,2.44,1392,32,17,43
930,99,10,851,3,45,51,3.16,780,24,41,11
931,75,7,30,0,1,5,0.13,560,0,0,7
932,618,8,256,9,93,140,6.48,1367,33,39,37
933,247,10,968,1,5,6,6.59,62,4,5,4
934,297,108,878,6,51,52,2.21,1143,31,24,27
935,220,5,998,3,46,63,2.39,1634,35,37,32
936,63,10,338,3,29,77,3.05,1014,58,26,36
937,297,84,383,2,10,32,1.61,1021,15,20,38
938,290,23,347,1,12,10,0.39,1683,10,6,22
939,142,10,437,0,1,2,0.97,74,5,3,2
939,142,10,704,0,3,5,3.0,84,2,1,3
940,503,31,222,3,26,32,3.53,668,8,10,14
941,490,10,1004,1,6,4,0.65,221,15,14,10
942,484,12,213,4,50,71,2.95,974,39,23,52
943,334,42,1033,3,53,47,1.24,1351,19,28,21
944,569,19,135,1,13,15,3.55,132,5,7,4
945,35,32,380,0,8,14,1.76,337,10,4,12
946,289,3,435,3,25,90,2.96,1278,27,26,38
947,93,24,571,0,13,20,0.6,1813,8,3,29
948,3,7,73,0,1,3,0.08,467,1,0,3
949,318,31,781,0,2,18,1.72,220,6,4,14
950,507,26,816,0,0,3,0.72,69,3,0,6
951,35,7,28,0,0,4,0.11,347,0,1,4
952,95,14,139,0,57,32,2.36,501,22,32,14
953,598,75,665,1,30,32,2.52,585,12,28,13
954,259,19,178,0,44,42,1.67,779,15,16,23
955,494,26,717,0,0,0,0.0,48,0,0,1
956,264,11,474,0,0,1,9.0,7,2,1,0
957,199,10,904,1,20,50,1.85,1314,85,31,32
958,491,6,309,0,6,28,0.82,1804,7,2,17
959,514,35,159,0,14,33,1.11,1058,7,14,36
960,676,53,413,3,107,59,3.0,1134,71,49,41
961,197,123,378,3,56,33,2.11,708,33,27,21
962,610,10,846,2,35,24,1.56,744,42,26,22
962,610,10,180,0,14,6,0.68,345,24,18,13
963,181,91,268,1,16,44,3.01,555,7,11,18
964,263,31,484,4,19,93,4.66,1118,32,24,17
965,611,39,236,0,22,36,2.25,1037,7,7,17
966,682,4,560,1,35,51,2.48,744,24,25,31
967,353,63,261,2,5,13,0.47,948,7,5,18
968,409,39,285,4,21,69,3.14,890,15,8,14
969,50,32,791,0,27,17,1.55,440,15,6,12
970,455,3,771,3,35,58,4.34,952,13,26,27
971,50,6,336,1,8,14,0.54,1291,5,4,17
972,710,10,921,3,47,83,2.73,1581,73,63,42
973,65,7,24,0,0,2,0.25,120,0,0,1
974,153,56,931,1,37,14,2.02,304,15,13,3
975,454,43,335,2,5,10,0.67,723,6,4,6
976,207,59,499,0,5,27,1.03,1009,5,5,18
977,501,51,418,4,26,67,2.88,845,22,18,20
978,677,14,176,1,24,20,2.41,404,25,20,10
979,493,10,640,2,38,46,1.5,1329,83,49,70
980,11,10,301,1,7,14,2.38,231,13,8,3
980,11,10,686,1,8,16,1.56,389,17,7,12
981,50,34,651,0,26,29,1.43,857,22,28,17
982,654,55,115,1,120,61,2.17,985,68,48,40
983,84,8,86,1,16,35,3.18,572,24,18,13
984,16,7,78,0,0,1,0.03,371,0,0,6
985,245,100,465,1,16,11,0.35,1366,6,4,13
986,308,19,844,0,13,8,0.73,481,4,12,11
987,344,10,633,0,17,21,1.4,706,41,20,43
988,559,84,899,2,12,25,0.85,706,10,30,41
989,327,61,677,0,21,6,0.28,525,19,14,37
990,657,5,497,5,70,69,2.06,1288,22,16,37
991,571,48,94,0,7,11,0.89,367,8,13,27
992,23,7,23,0,1,2,0.05,322,1,0,8
993,238,11,445,0,45,19,3.87,272,15,12,5
994,302,14,918,2,54,52,3.13,737,48,27,29
995,147,10,95,6,72,72,2.38,1214,68,47,65
996,115,16,947,4,56,57,2.5,912,37,41,19
997,101,3,179,0,14,12,0.89,570,4,8,21
998,505,3,954,3,25,45,2.32,852,25,20,47
999,522,16,682,0,4,9,2.67,128,4,1,4
999,522,16,331,1,6,15,1.63,396,22,12,6
1000,141,10,568,6,110,87,2.42,1838,97,88,44
1001,595,35,635,0,7,5,0.29,536,6,4,13
1002,249,42,511,3,17,42,2.34,985,11,16,9
1003,108,11,373,0,27,32,1.94,624,20,24,6
1004,553,100,377,1,1,5,0.28,456,1,3,12
1005,50,121,343,2,19,47,2.96,928,20,22,17
